"","","","","","perc"
"1","FT00001",295665,10225802,"FT",0.0289136245743855
"2","FT00002",286268,12107625,"FT",0.0236436130124612
"3","FT00003",168783,8561643,"FT",0.0197138563240724
"4","FT00004",200325,9259340,"FT",0.0216349113435731
"5","FT00005",889567,19691259,"FT",0.0451757300028403
"6","FT00006",327821,11384952,"FT",0.0287942364623057
"7","FT00007",407753,15125611,"FT",0.0269577870275786
"8","FT00008",306751,15299113,"FT",0.0200502473574775
"9","FT00009",569062,14787200,"FT",0.0384834180913222
"10","FT00010",329081,17100315,"FT",0.0192441484265056
"11","FT00011",191610,11256696,"FT",0.0170218685838189
"12","FT00012",491083,17398996,"FT",0.028224789522338
"13","FT00013",315481,16166989,"FT",0.0195138995888474
"14","FT00014",411303,15182648,"FT",0.0270903336493081
"15","FT00015",337336,11174262,"FT",0.0301886603338995
"16","FT00016",232383,9882664,"FT",0.0235142062909353
"17","FT00017",325981,12041548,"FT",0.027071353284478
"18","FT00018",349350,15335684,"FT",0.0227802033479563
"19","FT00019",233786,11615999,"FT",0.0201262069667878
"20","FT00020",267818,11794545,"FT",0.0227069378259187
"21","FT00021",365726,13469801,"FT",0.0271515518306469
"22","FT00022",173510,7928169,"FT",0.0218852549687071
"23","FT00023",221621,11373719,"FT",0.019485359186384
"24","FT00024",399628,12544594,"FT",0.0318565909745664
"25","FT00025",142867,7094627,"FT",0.020137351829772
"26","FT00026",216941,16575602,"FT",0.0130879711035533
"27","FT00027",300308,10955177,"FT",0.0274124279324743
"28","FT00028",327963,14169649,"FT",0.0231454568846413
"29","FT00030",319516,13133792,"FT",0.0243277798216996
"30","FT00032",376188,14723298,"FT",0.0255505254325491
"31","FT00033",284342,12822266,"FT",0.0221756435250992
"32","FT00034",309022,10987795,"FT",0.0281241140738428
"33","FT00035",315180,14638208,"FT",0.0215313240527802
"34","FT00036",207045,14047009,"FT",0.0147394367014359
"36","FT00038",402015,16987099,"FT",0.0236659008109625
"37","FT00039",354473,15628988,"FT",0.0226804832149081
"38","FT00040",271348,11944379,"FT",0.0227176314482318
"39","FT00041",196597,10305100,"FT",0.0190776411679654
"40","FT00042",223866,13568177,"FT",0.0164993425424801
"41","FT00043",213697,9129085,"FT",0.0234083700611836
"42","FT00044",515552,16820398,"FT",0.0306504043483394
"43","FT00045",403816,12040739,"FT",0.0335374763957594
"44","FT00046",175034,8407457,"FT",0.0208188992224403
"45","FT00047",580245,14262978,"FT",0.0406818968661383
"46","FT00048",314800,12279680,"FT",0.0256358471882003
"47","FT00049",347872,12508036,"FT",0.0278118802983938
"48","FT00050",602469,16202608,"FT",0.0371834583667024
"49","FT00051",172472,6837981,"FT",0.0252226497850754
"50","FT00052",161792,10375639,"FT",0.0155934492323798
"51","FT00053",331690,11017978,"FT",0.0301044347701547
"52","FT00054",258654,14081057,"FT",0.0183689335253738
"53","FT00055",211350,12573887,"FT",0.016808644773092
"54","FT00056",251831,12654685,"FT",0.0199002187727312
"55","FT00057",240456,13105522,"FT",0.018347685807555
"56","FT00058",323008,11949034,"FT",0.0270321433515044
"57","FT00059",181112,9802760,"FT",0.0184756129906271
"58","FT00062",224944,9710371,"FT",0.023165335289455
"59","FT00063",842558,13764819,"FT",0.0612109756038201
"60","FT00064",355912,15108448,"FT",0.0235571516015411
"61","FT00065",331952,15245156,"FT",0.0217742606241615
"62","FT00066",253317,10866633,"FT",0.0233114525906967
"63","FT00068",289840,9627206,"FT",0.0301063465350175
"64","FT00069A",244703,12374941,"FT",0.0197740740743734
"65","FT00069B",475647,15201537,"FT",0.0312894018545625
"66","FT00070A",241955,11996662,"FT",0.0201685268785601
"67","FT00070B",297327,14888191,"FT",0.0199706599680243
"68","FT00071A",325747,14870611,"FT",0.0219054213710519
"69","FT00071B",506392,17869323,"FT",0.0283386225656115
"70","FT00072",311768,13186743,"FT",0.0236425325040459
"71","FT00073",166759,9838209,"FT",0.0169501379773493
"72","FT00074",287756,10734481,"FT",0.026806698898624
"73","FT00075",372005,19345027,"FT",0.0192300067609107
"74","FT00076",272994,11713758,"FT",0.0233054157342161
"75","FT00077",395933,12369253,"FT",0.0320094511770436
"76","FT00078",331033,12587396,"FT",0.0262987674337091
"77","FT00079",360939,13581145,"FT",0.0265764779037408
"78","FT00081",332595,17387648,"FT",0.0191282340199203
"79","FT00083",322032,16754770,"FT",0.0192203175573285
"80","FT00084",247598,11780574,"FT",0.0210174818306816
"81","FT00085",247974,12184963,"FT",0.0203508209257591
"82","FT00086",252306,13896263,"FT",0.0181563921177945
"83","FT00087",249154,21076367,"FT",0.0118214870712775
"84","FT00088",188563,9741725,"FT",0.0193562228455433
"85","FT00089",293064,16329402,"FT",0.0179470136138482
"86","FT00090",329679,15437352,"FT",0.0213559294366029
"87","FT00091",237559,10234854,"FT",0.0232107854200949
"88","FT00092",501384,12347969,"FT",0.0406045722984889
"89","FT00093",190902,12368143,"FT",0.0154349767786482
"90","FT00094",213275,13068941,"FT",0.0163192258653551
"91","FT00095",201082,7635803,"FT",0.0263341000285104
"92","FT00096",310512,13154112,"FT",0.0236056983550087
"93","FT00097",437371,19628025,"FT",0.0222829856799143
"94","FT00098",184017,10862757,"FT",0.0169401745799892
"95","FT00099",345589,17505618,"FT",0.0197416052378157
"96","FT00100",209294,10423625,"FT",0.0200788113540155
"97","FT00101",402042,15730892,"FT",0.0255574826907463
"98","FT00102",204729,12008533,"FT",0.0170486270054802
"99","FT00103",295293,15109135,"FT",0.0195440043390968
"100","FT00104",295412,14990277,"FT",0.019706907350678
"101","FT00105",250407,14646168,"FT",0.017097100074231
"102","FT00106",460730,15681420,"FT",0.0293806300704911
"103","FT00107",489291,17813061,"FT",0.027468103320367
"104","FT00109",416069,17499781,"FT",0.0237756689640859
"105","FT00110",479099,18778313,"FT",0.02551342072102
"106","FT00113",8082562,13287483,"FT",0.608283901473289
"107","FT00114",248299,12242734,"FT",0.0202813358519429
"108","FT00115",231092,9317471,"FT",0.0248020090430118
"109","FT00116",361381,20823444,"FT",0.0173545259852309
"110","FT00118",283916,15504549,"FT",0.0183117870761671
"111","FT00119",357844,16161025,"FT",0.0221424074277467
"112","FT00120",357352,17551278,"FT",0.0203604546631875
"113","FT00121",721747,18586546,"FT",0.0388316904065984
"114","FT00122",334625,14841881,"FT",0.0225459966967799
"115","FT00123",184715,10263401,"FT",0.0179974454861503
"116","FT00124",321299,12455431,"FT",0.0257958957823298
"117","FT00125",306017,17008163,"FT",0.0179923604918415
"118","FT00126",366802,16068893,"FT",0.0228268369202533
"119","FT00127",412273,16346428,"FT",0.0252209840584133
"120","FT00128",227658,14206318,"FT",0.0160251234697126
"121","FT00129",373430,18535784,"FT",0.0201464367517446
"122","FT00130",275200,13609302,"FT",0.0202214632315456
"123","FT00131",195768,11213386,"FT",0.0174584197850676
"124","FT00132",433130,15588138,"FT",0.0277858715389869
"125","FT00133",84221,168163,"FT",0.500829552279633
"126","FT00134",535656,21102489,"FT",0.0253835459883429
"127","FT00135",337281,16568686,"FT",0.0203565327992817
"128","FT00136",147657,8906907,"FT",0.016577808660178
"129","FT00137",280876,13710408,"FT",0.0204863341776554
"130","FT00138",134488,7876745,"FT",0.0170740578754295
"131","FT00139",296106,13031731,"FT",0.0227219238948379
"132","FT00140",801396,17492160,"FT",0.045814582075627
"133","FT00141",130340,6754610,"FT",0.0192964508683699
"134","FT00143",354855,14771221,"FT",0.0240234033462772
"135","FT00144",335828,16585813,"FT",0.0202479070516471
"136","FT00145",473959,5507823,"FT",0.0860519664484498
"137","FT00146",537932,19214311,"FT",0.0279964241236649
"138","FT00147",483934,14710611,"FT",0.032896934056648
"139","FT00148",308388,13790167,"FT",0.0223628908917492
"140","FT00149",305989,17479626,"FT",0.01750546607805
"141","FT00150",272521,11440452,"FT",0.0238208245618268
"142","FT00151",397642,16972410,"FT",0.0234287293318981
"143","FT00152",317907,15680179,"FT",0.0202744496730554
"144","FT00153",326648,15579872,"FT",0.0209660259083001
"145","FT00155",263636,12499509,"FT",0.0210917084823092
"146","FT00157",263894,12685784,"FT",0.0208023406357857
"147","FT00158",417035,15460260,"FT",0.0269746433759846
"148","FT00159",156863,11789122,"FT",0.0133057406649961
"149","FT00160",191450,7112709,"FT",0.0269166080040671
"150","FT00161",498764,11863908,"FT",0.0420404473804079
"151","FT00163",236120,12325709,"FT",0.0191567073342394
"152","FT00164",239539,11543802,"FT",0.0207504425318452
"153","FT00165",296472,12959527,"FT",0.0228767608570899
"154","FT00166",400840,18056750,"FT",0.0221989006881083
"155","FT00167",407450,18391102,"FT",0.0221547354802339
"156","FT00168",364545,17383490,"FT",0.0209707601868209
"157","FT00169",281098,10134176,"FT",0.0277376276078095
"158","FT00170",262583,12793683,"FT",0.0205244259999251
"159","FT00171",417359,16596083,"FT",0.0251480424627908
"160","FT00173",342612,15404893,"FT",0.0222404660649055
"161","FT00174",345911,15765106,"FT",0.0219415587817805
"162","FT00175",501160,18019718,"FT",0.0278117559886342
"163","FT00176",400945,14997347,"FT",0.0267343950900116
"164","FT00177",1667902,19026713,"FT",0.0876610689402841
"165","FT00178",800025,15801037,"FT",0.0506311705997524
"166","FT00179",430363,14500604,"FT",0.0296789706139137
"167","FT00180",431634,17625982,"FT",0.0244885079310758
"168","FT00181",215012,11101569,"FT",0.0193677127980739
"169","FT00182",419836,17412788,"FT",0.0241107857053104
"170","FT00183",367373,16877459,"FT",0.0217670799852039
"171","FT00184",192854,11962940,"FT",0.0161209535448644
"172","FT00185",509289,19225877,"FT",0.0264897668907379
"173","FT00186",471722,19950515,"FT",0.0236446026581269
"174","FT00187",316473,12894132,"FT",0.0245439553434074
"175","FT00188",310772,13281546,"FT",0.0233987820393801
"176","FT00189",279576,11936526,"FT",0.0234218900876185
"177","FT00190",484892,16287063,"FT",0.0297716046164984
"178","FT00191",193322,9338248,"FT",0.0207021702572046
"179","FT00192",254786,10749843,"FT",0.0237013694060462
"180","FT00194",175585,10277131,"FT",0.0170850211017063
"181","FT00195",358894,22059636,"FT",0.0162692621038715
"182","FT00196",194311,9890889,"FT",0.0196454535077686
"183","FT00197",380861,11641249,"FT",0.0327165066222705
"184","FT00199",392728,16134740,"FT",0.0243405223759416
"185","FT00200",393561,15660983,"FT",0.0251300317483264
"186","FT00201",326025,13434717,"FT",0.0242673515192021
"187","FT00202",364051,18001628,"FT",0.020223226477072
"188","FT00204",365930,20013829,"FT",0.0182838576266441
"189","FT00205",323026,15365004,"FT",0.0210234894829835
"190","FT00206",650567,21089045,"FT",0.0308485756467398
"191","FT00207",304180,16102116,"FT",0.0188906849261302
"192","FT00208",346909,19314243,"FT",0.0179613045150152
"193","FT00209",204695,11656231,"FT",0.0175609937723437
"194","FT00210",298115,16676049,"FT",0.0178768364137093
"195","FT00211",421947,17332914,"FT",0.0243436850837661
"196","FT00212",276283,10799184,"FT",0.0255836922493403
"197","FT00213",322338,12812001,"FT",0.025159067658518
"198","FT00214",358606,13737118,"FT",0.0261048933262421
"199","FT00215",253536,13067119,"FT",0.0194025936398069
"200","FT00217",174897,8823444,"FT",0.0198218518755262
"201","FT00218",363592,16191972,"FT",0.0224550783561138
"202","FT00219",387933,13179474,"FT",0.0294346344930003
"203","FT00220",242085,12734008,"FT",0.0190109037154681
"204","FT00221",397628,15490093,"FT",0.0256698265142759
"205","FT00222",504173,17519657,"FT",0.0287775611132113
"206","FT00223",531384,17209650,"FT",0.0308770951181459
"207","FT00224",303015,15133089,"FT",0.020023340905482
"208","FT00225",261340,12534506,"FT",0.0208496449720476
"209","FT00226",269224,14576069,"FT",0.0184702748045444
"210","FT00227",254830,12895246,"FT",0.0197615462318439
"211","FT00228",325162,14995981,"FT",0.0216832763391738
"212","FT00229",383723,16950699,"FT",0.0226375915235118
"213","FT00230",406368,15322326,"FT",0.0265212997034523
"214","FT00231",346102,19996616,"FT",0.0173080285184253
"215","FT00232",293251,15978215,"FT",0.018353176496874
"216","FT00233",400037,15237257,"FT",0.0262538723341084
"217","FT00234",362604,15852870,"FT",0.0228730822873082
"218","FT00235",380900,15819150,"FT",0.0240784112926421
"219","FT00236",280210,16229677,"FT",0.0172652850700602
"220","FT00237",324436,13310180,"FT",0.0243750272347932
"221","FT00238",193378,11410417,"FT",0.0169474963097317
"222","FT00239",325768,14538583,"FT",0.0224071355509681
"223","FT00240",273344,14217972,"FT",0.0192252453444134
"224","FT00241",227829,13358855,"FT",0.0170545304968128
"225","FT00242",252149,9036886,"FT",0.0279021999392269
"226","FT00243",798351,19531848,"FT",0.0408743197264283
"227","FT00244",511097,19162835,"FT",0.026671262368016
"228","FT00245",237528,13827393,"FT",0.0171780754333084
"229","FT00246",192010,15243086,"FT",0.0125965306500272
"230","FT00247",634563,16901526,"FT",0.0375447163764976
"231","FT00248",285978,17991856,"FT",0.0158948582069576
"232","FT00249",319576,17996668,"FT",0.0177575093345057
"233","FT00250",279422,15621494,"FT",0.017887021561446
"234","FT00251",523609,16460140,"FT",0.0318107257896956
"235","FT00252",304281,14241163,"FT",0.0213663027380559
"236","FT00253",387894,13526650,"FT",0.0286762797884177
"237","FT00254",595010,44345422,"FT",0.0134176195233862
"238","FT00255",351634,15096447,"FT",0.0232925005466518
"239","FT00257",262183,14207683,"FT",0.0184536071082104
"240","FT00258",396478,17292884,"FT",0.0229272341154894
"241","FT00259",235748,12485744,"FT",0.0188813738292248
"242","FT00260",516058,15319231,"FT",0.0336869389853838
"243","FT00261",860139,20891569,"FT",0.0411715845755769
"244","FT00262",361038,14761529,"FT",0.0244580354785741
"245","FT00263",264314,13719036,"FT",0.0192662224955165
"246","FT00264",286541,12692441,"FT",0.0225757204622814
"247","FT00265",367698,14908757,"FT",0.0246632230976734
"248","FT00266",472143,20046377,"FT",0.0235525352037428
"249","FT00267",296049,16181519,"FT",0.0182955011825528
"250","FT00268",353918,17148776,"FT",0.0206380910217732
"251","FT00270",251855,13785487,"FT",0.0182695758227475
"252","FT00271",549973,15834494,"FT",0.0347325907603994
"253","FT00272",215166,14844057,"FT",0.0144950938951528
"254","FT00273",289992,14813303,"FT",0.0195764577285701
"255","FT00274",333204,16283594,"FT",0.0204625588184034
"256","FT00275",453188,18470182,"FT",0.0245361956909791
"257","FT00276",1302805,16326658,"FT",0.0797961836402771
"258","FT00277",233930,15262173,"FT",0.015327437318395
"259","FT00278",344282,13067562,"FT",0.0263463069851897
"260","FT00279",588153,11997352,"FT",0.0490235678673094
"261","FT00280",208684,11631886,"FT",0.0179406847694346
"262","FT00281",444849,19314313,"FT",0.023032090243127
"263","FT00282",258159,13217634,"FT",0.019531407814742
"264","FT00283",223939,10616715,"FT",0.0210930593879557
"265","FT00284",370383,16723986,"FT",0.022146813564661
"266","FT00288",296048,19872156,"FT",0.0148976286216755
"267","FT00290",293505,13342169,"FT",0.0219982972783511
"268","FT00291",397718,19233766,"FT",0.0206781136881877
"269","FT00293",267445,12032120,"FT",0.0222275874908162
"270","FT00294",284658,13020504,"FT",0.0218622873584617
"271","FT00295",201022,10502709,"FT",0.019140014257274
"272","FT00296",361342,14543997,"FT",0.0248447520994401
"273","FT00297",281249,11853779,"FT",0.0237265263676672
"274","FT00298",373571,19487317,"FT",0.0191699555151692
"275","FT00299",346307,15929799,"FT",0.0217395712274838
"276","FT00300",217218,15265226,"FT",0.0142295960767302
"277","FT00301",463027,14249048,"FT",0.0324952937206752
"278","FT00302",263427,13295768,"FT",0.0198128457115076
"279","FT00303",455939,16952002,"FT",0.0268958793185607
"280","FT00304",410011,12810476,"FT",0.0320059145343233
"281","FT00305",268840,12144786,"FT",0.0221362484279262
"282","FT00306",304289,13755289,"FT",0.0221215999169483
"283","FT00307",242382,12080912,"FT",0.0200632203926326
"284","FT00309",361410,15424106,"FT",0.0234315039069363
"285","FT00310",247099,8932142,"FT",0.0276640250457281
"286","FT00311",323305,16472479,"FT",0.0196269790357602
"287","FT00312",499760,15888443,"FT",0.0314543092737281
"288","FT00313",266502,12697493,"FT",0.0209885526221593
"289","FT00314",374953,17602558,"FT",0.0213010518130376
"290","FT00316",56245,106649,"FT",0.527384223011936
"291","FT00317",756104,21334691,"FT",0.0354401195686406
"292","FT00318",254756,14353656,"FT",0.0177485095086576
"293","FT00319",377332,16076990,"FT",0.0234703137838613
"294","FT00321",326588,14937328,"FT",0.0218638835540064
"295","FT00322",208557,11959299,"FT",0.0174388983835926
"296","FT00323",404286,19332065,"FT",0.0209127167739194
"297","FT00324",162860,6605576,"FT",0.0246549278972795
"298","FT00325",412628,13832042,"FT",0.029831314855753
"299","FT00326",361312,15269225,"FT",0.0236627595703122
"300","FT00327",438602,18309629,"FT",0.0239547180338826
"301","FT00328",280263,16397692,"FT",0.0170916126489021
"302","FT00330",231544,14499109,"FT",0.0159695330244086
"303","FT00331",392966,17782104,"FT",0.0220989597181526
"304","FT00332",301081,8956757,"FT",0.0336149568420802
"305","FT00333",247349,16311111,"FT",0.0151644483321829
"306","FT00334",316588,14890082,"FT",0.0212616693447356
"307","FT00335",1809038,14925659,"FT",0.121203224594639
"308","FT00337",140286,7099959,"FT",0.0197587056488636
"309","FT00338",575415,19779135,"FT",0.0290920204548884
"310","FT00340",354643,15387662,"FT",0.0230472309568536
"311","FT00342",183190,11677425,"FT",0.0156875338527115
"312","FT00344",289587,11272402,"FT",0.0256899106330665
"313","FT00345",208531,10358441,"FT",0.0201315043451037
"314","FT00346",222508,10135708,"FT",0.0219528818312445
"315","FT00347",771607,17301656,"FT",0.0445972917274508
"316","FT00348",329840,15144945,"FT",0.0217788839774591
"317","FT00349",477125,18285925,"FT",0.0260924727625209
"318","FT00350",290885,14107423,"FT",0.0206192867400375
"319","FT00351",382789,15677552,"FT",0.0244163757198828
"320","FT00352",461775,16673285,"FT",0.0276955021161097
"321","FT00354",392694,18855534,"FT",0.0208264586937713
"322","FT00355",214823,14408307,"FT",0.0149096628771167
"323","FT00357",432794,11457546,"FT",0.0377737082617866
"324","FT00358",388446,16030931,"FT",0.0242310318720728
"325","FT00362",779302,17326598,"FT",0.0449772078742751
"326","FT00363",235837,11407621,"FT",0.0206736356335821
"327","FT00364",276011,12115917,"FT",0.0227808592614162
"328","FT00365",240562,13350285,"FT",0.0180192407877435
"329","FT00366",326971,18947478,"FT",0.0172567029765122
"330","FT00367",375554,15670611,"FT",0.023965498218289
"331","FT00368",252043,7905826,"FT",0.0318806662327251
"332","FT00369",285542,12987024,"FT",0.0219867153552654
"333","FT00372",463849,13058028,"FT",0.0355221324383743
"334","FT00373",216661,8823953,"FT",0.0245537345903814
"335","FT00374",274509,11382118,"FT",0.0241175675739788
"336","FT00375",299658,14225487,"FT",0.0210648675859041
"337","FT00376",285910,13083647,"FT",0.0218524697280506
"338","FT00377",404577,14227419,"FT",0.0284364296855248
"339","FT00378",409556,14778077,"FT",0.0277137546380358
"340","FT00380",265916,9955469,"FT",0.0267105447267226
"341","FT00381",13804883,14008999,"FT",0.985429651326265
"342","FT00382",257027,16984744,"FT",0.0151328156609249
"343","FT00383",361832,15750507,"FT",0.0229727208146379
"344","FT00385",313789,13504919,"FT",0.023235163424527
"345","FT00387",228907,11538271,"FT",0.0198389342736013
"346","FT00388",354268,19508946,"FT",0.018159258834383
"347","FT00389",440471,13043657,"FT",0.033768980585736
"348","FT00390",298616,13331482,"FT",0.0223993101442135
"349","FT00391",952381,30884985,"FT",0.0308363756692775
"350","FT00392",402464,15486922,"FT",0.0259873459684242
"351","FT00393",226072,13502480,"FT",0.016742998323271
"352","FT00394",372624,15005733,"FT",0.024832109167876
"353","FT00395",327463,14812839,"FT",0.022106700815421
"354","FT00396",377167,16912647,"FT",0.0223008852487727
"355","FT00397",257282,14354437,"FT",0.0179235173068787
"356","FT00398",556771,20733031,"FT",0.0268542983416173
"357","FT00399",478776,14757351,"FT",0.0324432210089738
"358","FT00401",341914,14332778,"FT",0.0238553893739232
"359","FT00402",228873,10918708,"FT",0.0209615459997648
"360","FT00403",406559,16481860,"FT",0.0246670582082362
"361","FT00404",311410,15111924,"FT",0.0206069061755472
"362","FT00405",322255,11906947,"FT",0.0270644523738957
"363","FT00406",191339,9528113,"FT",0.020081520863575
"364","FT00407",520621,17899120,"FT",0.0290864020130599
"365","FT00408",442997,17096721,"FT",0.0259112259011538
"366","FT00409",471063,13073074,"FT",0.0360330707223106
"367","FT00410",244461,10540828,"FT",0.0231918213635589
"368","FT00411",255735,9583586,"FT",0.0266846877567541
"369","FT00412",359982,12171114,"FT",0.0295767503286881
"370","FT00413",428703,16897838,"FT",0.0253702870154158
"371","FT00414",209619,8593076,"FT",0.0243939422856262
"372","FT00415",495472,18819443,"FT",0.0263276654893559
"373","FT00416",270720,14560251,"FT",0.0185930860669916
"374","FT00417",276289,13646246,"FT",0.0202465205449176
"375","FT00418",332575,17206303,"FT",0.019328672754397
"376","FT00419",274602,17892825,"FT",0.0153470455336147
"377","FT00420",256425,15283929,"FT",0.0167774267990907
"378","FT00421",543605,13723475,"FT",0.0396113229338779
"379","FT00422",143796,12009489,"FT",0.0119735319296266
"380","FT00423",3723320,11780335,"FT",0.316062319110619
"381","FT00424",205514,12532770,"FT",0.01639813066066
"382","FT00425",341012,10587211,"FT",0.0322098048296194
"383","FT00426",731820,13945297,"FT",0.052477907067881
"384","FT00427",260985,11102374,"FT",0.0235071346002215
"385","FT00428",152979,7102937,"FT",0.0215374288128981
"386","FT00429",307350,15954928,"FT",0.0192636406757837
"387","FT00431",316157,14589209,"FT",0.0216706059937862
"388","FT00433",291017,9744697,"FT",0.0298641404653218
"389","FT00434",329846,12213594,"FT",0.0270064650912745
"390","FT00435",368595,14363757,"FT",0.0256614616913945
"391","FT00436",350278,16451749,"FT",0.0212912317103792
"392","FT00437",371319,18122273,"FT",0.0204896482908077
"393","FT00438",287906,11015484,"FT",0.0261364820647009
"394","FT00439",339576,12830633,"FT",0.0264660363989836
"395","FT00440",266892,12185944,"FT",0.0219016269892591
"396","FT00441",4795485,16024094,"FT",0.29926715357511
"397","FT00442",374876,12909741,"FT",0.0290382278002324
"398","FT00443",361502,15508191,"FT",0.0233103912635587
"399","FT00444",239546,12841305,"FT",0.0186543345867106
"400","FT00445",538546,16331129,"FT",0.0329766545840156
"401","FT00446",526436,16615684,"FT",0.0316830772660337
"402","FT00447",404038,12744681,"FT",0.0317024804308558
"403","FT00448",272501,10379554,"FT",0.0262536328632232
"404","FT00449",330939,17355189,"FT",0.0190685909557078
"405","FT00450",236316,12450260,"FT",0.0189808084329163
"406","FT00451",1194933,13914394,"FT",0.0858774733560082
"407","FT00453",1843206,14524066,"FT",0.126907024520544
"408","FT00454",313681,8093819,"FT",0.0387556232725244
"409","FT00455",345071,14435666,"FT",0.0239040581847765
"410","FT00457",327005,13894148,"FT",0.023535448161341
"411","FT00458",350762,15207056,"FT",0.0230657400091116
"412","FT00459",324973,13927582,"FT",0.0233330523561089
"413","FT00460",191320,11325641,"FT",0.0168926421029944
"414","FT00464",281514,14937822,"FT",0.018845719275541
"415","FT00465",353915,12939669,"FT",0.0273511633102825
"416","FT00467",355768,13604827,"FT",0.0261501303912207
"417","FT00468",2279368,16727571,"FT",0.136264135420498
"418","FT00469",324450,11155533,"FT",0.0290842221523615
"419","FT00470",331062,13340605,"FT",0.0248161159107852
"420","FT00471",234793,10727069,"FT",0.0218878987354328
"421","FT00472",276232,13347809,"FT",0.0206949320296687
"422","FT00473",321348,13396507,"FT",0.0239874468770106
"423","FT00474",405572,19063612,"FT",0.0212746671512198
"424","FT00475",349881,13412068,"FT",0.0260870284880751
"425","FT00476",245439,10240544,"FT",0.0239673790767365
"426","FT00478",290205,9195363,"FT",0.031559928629245
"427","FT00479",328635,13982011,"FT",0.0235041296992257
"428","FT00480",1234120,11449883,"FT",0.107784507492347
"429","FT00481",314866,16241255,"FT",0.0193868023129986
"430","FT00482",335084,15016568,"FT",0.0223142864601286
"431","FT00483",402513,15350045,"FT",0.0262222684037734
"432","FT00484",352094,13763976,"FT",0.0255808350726563
"433","FT00485",366099,11650743,"FT",0.0314228028203866
"434","FT00486",371926,17116777,"FT",0.0217287401711198
"435","FT00487",283669,12879027,"FT",0.0220256545777876
"436","FT00488",432325,17451234,"FT",0.0247733197549239
"437","FT00489",401272,21523295,"FT",0.0186436138147063
"438","FT00490",232347,12237319,"FT",0.0189867568214901
"439","FT00491",474284,21800482,"FT",0.0217556657692247
"440","FT00492",178890,12767941,"FT",0.0140108730139026
"441","FT00493",222971,12847466,"FT",0.0173552512223033
"442","FT00495",457621,17915037,"FT",0.0255439606404385
"443","FT00496",1577560,14151554,"FT",0.111476096547418
"444","FT00497",329345,13939789,"FT",0.0236262543141794
"445","FT00498",596982,30338939,"FT",0.0196770889054492
"446","FT00499",359555,12559572,"FT",0.0286279659848281
"447","FT00500",327651,12689420,"FT",0.025820801896383
"448","FT00501",293888,11794842,"FT",0.0249166542459831
"449","FT00502",291446,12460300,"FT",0.0233899665337111
"450","FT00503",462339,17964312,"FT",0.0257365269541077
"451","FT00504",486748,14182087,"FT",0.0343213237938817
"452","FT00505",384603,15040562,"FT",0.0255710524646619
"453","FT00506",455732,14693465,"FT",0.0310159652607469
"454","FT00507",404697,20343836,"FT",0.0198928559982493
"455","FT00508",270174,9390280,"FT",0.0287716660206085
"456","FT00510",403955,18101343,"FT",0.0223162999563071
"457","ST00001",16434545,16492404,"ST",0.996491778881963
"458","ST00003",4941631,4982342,"ST",0.991828943095436
"459","ST00005",13263507,13343415,"ST",0.994011428108921
"460","ST00006",16332366,16476326,"ST",0.991262615221379
"461","ST00008",12764331,12945175,"ST",0.986030007319329
"462","ST00009",14907205,14987693,"ST",0.994629727203513
"463","ST00015",16438307,16541314,"ST",0.993772743809833
"464","ST00016",19857443,20061026,"ST",0.989851815156413
"465","ST00017",9329000,9370832,"ST",0.995535935336371
"466","ST00018",14401146,14547826,"ST",0.989917393842901
"467","ST00019",17996841,18193999,"ST",0.989163569812222
"468","ST00021",8843336,8914705,"ST",0.991994238732521
"469","ST00023",15848037,15913249,"ST",0.995902031068577
"470","ST00026",15335818,15479970,"ST",0.990687837250331
"471","ST00027",7723269,7777313,"ST",0.993051070466111
"472","ST00028",20613625,20720775,"ST",0.994828861372222
"473","ST00030",12244349,12296108,"ST",0.995790619275628
"474","ST00031",26245592,26357671,"ST",0.995747765422825
"475","ST00035",611876,668790,"ST",0.914900043361892
"476","ST00036",8702084,8815255,"ST",0.98716191420441
"477","ST00039",15728054,15806364,"ST",0.995045666416388
"478","ST00040",12294395,12438680,"ST",0.988400296494483
"479","ST00041",18439972,18530496,"ST",0.995114863628043
"480","ST00042",7945761,8020121,"ST",0.99072831943558
"481","ST00044",11342868,11524542,"ST",0.98423590282373
"482","ST00045",13264990,13351060,"ST",0.993553320859917
"483","ST00046",19414929,19658425,"ST",0.987613656740049
"484","ST00047",6803205,6859979,"ST",0.991723881370482
"485","ST00050",16703154,16805191,"ST",0.993928245147586
"486","ST00051",10328815,10511616,"ST",0.982609619681693
"487","ST00053",1751036,1795827,"ST",0.975058287908579
"488","ST00054",7742116,7797068,"ST",0.992952222553401
"489","ST00055",11536430,11675165,"ST",0.988117084426644
"490","ST00056",14036593,14154335,"ST",0.991681559041806
"491","ST00057",12523214,12660916,"ST",0.989123851702357
"492","ST00059",13566821,13680064,"ST",0.991722041651267
"493","ST00060",12773291,12915394,"ST",0.988997393343169
"494","ST00062",10489237,10588198,"ST",0.990653650413413
"495","ST00063",7172518,7373047,"ST",0.972802424831959
"496","ST00064",15632465,15781055,"ST",0.990584279694862
"497","ST00065",15393594,15481411,"ST",0.994327584223428
"498","ST00067",9417028,9491745,"ST",0.992128212462513
"499","ST00068",13696345,13786122,"ST",0.993487871353525
"500","ST00069",10409398,10518411,"ST",0.98963598208893
"501","ST00070",14551770,14690754,"ST",0.990539355570177
"502","ST00075",12821083,12954539,"ST",0.989698128200471
"503","ST00076",8708011,8776185,"ST",0.992231932212003
"504","ST00077",9178738,9320463,"ST",0.984794210330538
"505","ST00078",9966459,10058285,"ST",0.990870610645851
"506","ST00081",11405156,11557259,"ST",0.986839180466579
"507","ST00082",14937657,15175998,"ST",0.984294871414717
"508","ST00083",15343956,15529601,"ST",0.988045732791203
"509","ST00085",12402001,12532604,"ST",0.989578941455423
"510","ST00086",8990062,9069585,"ST",0.991231903113538
"511","ST00088",17796368,17875931,"ST",0.995549154894366
"512","ST00091",1706326,1746991,"ST",0.97672283371809
"513","ST00092",21437973,21582847,"ST",0.993287539869045
"514","ST00093",5875430,5949412,"ST",0.987564821531943
"515","ST00094",1610183,1761081,"ST",0.914315128037836
"516","ST00095",11916861,12000561,"ST",0.993025326066006
"517","ST00098",18562722,18792634,"ST",0.987765844851765
"518","ST00099",13198165,13438747,"ST",0.982097884572126
"519","ST00100",9172899,9300561,"ST",0.986273731229761
"520","ST00101",10743168,10895554,"ST",0.98601392825
"521","ST00103",13648944,13745310,"ST",0.992989172306772
"522","ST00104",20966359,21149353,"ST",0.991347536730793
"523","ST00105",14510913,14678945,"ST",0.988552855808098
"524","ST00109",10220188,10314736,"ST",0.990833696567707
"525","ST00111",10719710,10872258,"ST",0.98596905996896
"526","ST00112",9153898,9310519,"ST",0.983178059139346
"527","ST00115",10479463,10680560,"ST",0.981171680136622
"528","ST00116",22051941,22149694,"ST",0.995586711039891
"529","ST00122",2085512,2132369,"ST",0.978025848246715
"530","ST00123",11778549,11961356,"ST",0.984716866549244
"531","ST00124",8091966,8140045,"ST",0.994093521596011
"532","ST00127",16240081,16341538,"ST",0.993791465650296
"533","ST00129",14806688,14862190,"ST",0.996265557094883
"534","ST00131",8497942,8617354,"ST",0.986142846168325
"535","ST00132",11113567,11202261,"ST",0.992082491204231
"536","ST00133",10006387,10162204,"ST",0.984667007275193
"537","ST00135",6321925,6437652,"ST",0.98202341474811
"538","ST00136",9367227,9532318,"ST",0.98268091769494
"539","ST00138",11770081,13609081,"ST",0.864869641087447
"540","ST00139",13872889,14040321,"ST",0.988074916520783
"541","ST00141",16808865,16916761,"ST",0.993621946896336
"542","ST00142",12456470,12530029,"ST",0.99412938310039
"543","ST00143",8310388,8449493,"ST",0.983536882035407
"544","ST00146",10410209,10557633,"ST",0.986036263999705
"545","ST00147",8887113,8993265,"ST",0.988196500381119
"546","ST00150",9079135,9198862,"ST",0.986984585702014
"547","ST00151",11015905,11164129,"ST",0.986723191751009
"548","ST00152",15735035,15821556,"ST",0.994531448107885
"549","ST00158",14146877,14226568,"ST",0.994398438189731
"550","ST00159",19510882,19592013,"ST",0.995858975797944
"551","ST00160",18214108,18320879,"ST",0.994172168267691
"552","ST00161",8400001,8446893,"ST",0.994448609684058
"553","ST00162",11225732,11344543,"ST",0.989527035156903
"554","ST00163",15801201,16161436,"ST",0.977710210899576
"555","ST00165",12776877,12844268,"ST",0.994753223772659
"556","ST00166",9736676,9802648,"ST",0.993269981743708
"557","ST00167",14527859,14767327,"ST",0.983783930565091
"558","ST00172",8166535,8215535,"ST",0.994035689702497
"559","ST00173",9578556,9644779,"ST",0.993133798089101
"560","ST00176",24016947,24500239,"ST",0.980273988347624
"561","ST00178",12485316,12555333,"ST",0.994423325928512
"562","ST00179",16400340,16526307,"ST",0.992377788939779
"563","ST00180",15307459,15393057,"ST",0.994439181249053
"564","ST00182",8851953,8916713,"ST",0.992737234000915
"565","ST00183",10996899,11074369,"ST",0.993004567574008
"566","ST00184",14492842,14624362,"ST",0.991006787167878
"567","ST00185",11140187,11207561,"ST",0.993988522569719
"568","ST00186",11402953,11535754,"ST",0.98848787864235
"569","ST00190",13892681,13979998,"ST",0.993754147890436
"570","ST00192",13809457,13933989,"ST",0.991062717216154
"571","ST00193",10193149,10420666,"ST",0.978166750570453
"572","ST00194",15687900,17225449,"ST",0.910739685218075
"573","ST00201",12885850,12963014,"ST",0.994047372007775
"574","ST00202",9159924,9216568,"ST",0.993854111421952
"575","ST00203",13157915,13250530,"ST",0.993010468260515
"576","ST00204",4122203,4216374,"ST",0.977665406342037
"577","ST00205",12360545,12422500,"ST",0.995012678607366
"578","ST00206",11110037,11172153,"ST",0.994440104785532
"579","ST00207",15213743,15306403,"ST",0.993946324293173
"580","ST00208",8173479,8260926,"ST",0.989414382842795
"581","ST00209",19300078,19428132,"ST",0.993408836217502
"582","ST00210",13080394,13169803,"ST",0.993211060180627
"583","ST00211",8112575,8187076,"ST",0.990900169975215
"584","ST00212",8958950,9283567,"ST",0.965033160206632
"585","ST00213",13929597,14038502,"ST",0.992242405920518
"586","ST00214",12258889,12333907,"ST",0.993917742366632
"587","ST00216",12339729,12585892,"ST",0.980441354494382
"588","ST00217",7155359,7333104,"ST",0.975761287443898
"589","ST00218",12999615,13095262,"ST",0.992696060605737
"590","ST00219",10135320,10203801,"ST",0.993288677425207
"591","ST00220",10795071,10864841,"ST",0.993578368979353
"592","ST00221",16940546,17265347,"ST",0.981187693476418
"593","ST00222",1867206,1974369,"ST",0.94572291197846
"594","ST00223",10225854,10305774,"ST",0.992245123947022
"595","ST00226",10956018,11106482,"ST",0.986452595880496
"596","ST00227",11121083,11198594,"ST",0.99307850610532
"597","ST00228",17032166,17140314,"ST",0.993690430642052
"598","ST00231",7492593,7564833,"ST",0.990450549271874
"599","ST00232",10845129,10904618,"ST",0.994544604863738
"600","ST00234",12227271,12335035,"ST",0.991263583767699
"601","ST00238",10038640,10118693,"ST",0.99208860274741
"602","ST00239",10818511,10883113,"ST",0.994064014588473
"603","ST00241",15360416,15432342,"ST",0.995339268660583
"604","ST00243",11267918,11355925,"ST",0.992250124934781
"605","ST00245",8026036,8102706,"ST",0.990537729000657
"606","ST00247",15725933,15832157,"ST",0.993290617317653
"607","ST00248",18340965,18435599,"ST",0.994866779213412
"608","ST00251",10920136,11134994,"ST",0.980704255431121
"609","ST00252",9233464,9291475,"ST",0.993756534888164
"610","ST00253",19557038,19623848,"ST",0.996595468941667
"611","ST00254",18152312,18232247,"ST",0.995615735131276
"612","ST00255",11654374,11754491,"ST",0.991482659691517
"613","ST00256",19337462,19544745,"ST",0.989394438249258
"614","ST00258",12398925,12462847,"ST",0.99487099536727
"615","ST00259",11006453,11080702,"ST",0.993299251256825
"616","ST00260",14555034,14713622,"ST",0.989221688582186
"617","ST00261",9469629,9556592,"ST",0.990900207940236
"618","ST00262",8956056,9037202,"ST",0.991020893413691
"619","ST00263",11898484,12013355,"ST",0.990438058310938
"620","ST00264",12300532,12499956,"ST",0.984046023842004
"621","ST00265",14825550,14919531,"ST",0.993700807351116
"622","ST00266",11082108,11159357,"ST",0.993077647753361
"623","ST00267",9630555,9781972,"ST",0.984520810323317
"624","ST00268",4757393,4845762,"ST",0.981763652445168
"625","ST00275",17991420,18198236,"ST",0.988635382022741
"626","ST00278",17238717,17353910,"ST",0.993362129917696
"627","ST00281",15323822,15386185,"ST",0.99594681852584
"628","ST00283",14730614,14934471,"ST",0.986349901513083
"629","ST00284",13214405,13279331,"ST",0.995110747672454
"630","ST00285",8673064,8752466,"ST",0.990928042451122
"631","ST00286",9772593,9855613,"ST",0.991576373788216
"632","ST00287",9549095,9616383,"ST",0.993002774535914
"633","ST00288",14439447,14597896,"ST",0.989145764567716
"634","ST00289",10561598,10623876,"ST",0.994137921037482
"635","ST00290",9884991,10029300,"ST",0.985611259011097
"636","ST00291",9383267,9454780,"ST",0.992436312637629
"637","ST00292",9054398,9155578,"ST",0.988948813499268
"638","ST00299",13721575,13920967,"ST",0.985676857074656
"639","ST00305",7867525,7952100,"ST",0.989364444612115
"640","ST00309",10374056,10470187,"ST",0.990818597604799
"641","ST00315",8329134,8492471,"ST",0.980766846304215
"642","ST00316",7580909,7647632,"ST",0.991275338562316
"643","ST00317",15942018,16097084,"ST",0.990366826687368
"644","ST00319",10986864,11099430,"ST",0.989858398133958
"645","ST00320",4533610,4603678,"ST",0.984779995473185
"646","ST00321",19922824,20030924,"ST",0.994603344309029
"647","ST00325",16110828,16207970,"ST",0.994006528886714
"648","ST00326",10952241,11031046,"ST",0.992856071853929
"649","ST00330",14152713,14237767,"ST",0.994026169974547
"650","ST00331",12750511,12870286,"ST",0.990693680000584
"651","ST00332",16518976,16610772,"ST",0.994473706580284
"652","ST00333",13313402,13391230,"ST",0.994188136564005
"653","ST00334",11746041,11838827,"ST",0.992162568132806
"654","ST00335",9918873,10046518,"ST",0.987294602965923
"655","ST00338",4708336,4812758,"ST",0.978303085257975
"656","ST00340",9304931,9403833,"ST",0.989482799194754
"657","ST00341",6042635,6129964,"ST",0.985753749940456
"658","ST00342",18468514,18609728,"ST",0.99241181816306
"659","ST00344",7204898,7291990,"ST",0.988056483895343
"660","ST00346",9805817,9889161,"ST",0.99157218696308
"661","ST00347",11401987,11610578,"ST",0.98203440001006
"662","ST00348",13398680,13478147,"ST",0.994104011478729
"663","ST00349",14027727,14091139,"ST",0.995499866973138
"664","ST00352",14845513,14950823,"ST",0.992956240602942
"665","ST00355",13779128,13908789,"ST",0.990677764972925
"666","ST00356",11182994,11279963,"ST",0.991403429248837
"667","ST00357",14374262,14473694,"ST",0.993130157373785
"668","ST00358",7720798,7830745,"ST",0.985959573450547
"669","ST00359",9444260,9540796,"ST",0.989881766678587
"670","ST00360",17711347,17792951,"ST",0.995413689387443
"671","ST00361",15970841,16256357,"ST",0.982436655395794
"672","ST00362",14179011,14341137,"ST",0.988695038615139
"673","ST00363",8967552,9121395,"ST",0.983133829858262
"674","ST00364",19400987,19504784,"ST",0.994678382493239
"675","ST00366",8250816,8347850,"ST",0.9883761687141
"676","ST00368",15947244,16181233,"ST",0.985539482683427
"677","ST00369",12922758,13174578,"ST",0.980885915283207
"678","ST00371",12748931,12868734,"ST",0.990690381819999
"679","ST00379",15289672,15363129,"ST",0.995218617249129
"680","ST00380",12289467,12378140,"ST",0.992836322743158
"681","ST00381",15991259,16128804,"ST",0.991472089313008
"682","ST00382",10398223,10520922,"ST",0.988337619079392
"683","ST00383",18871752,18988822,"ST",0.993834793964576
"684","ST00384",10758862,10840577,"ST",0.992462117099487
"685","ST00385",3880355,3993184,"ST",0.971744602803177
"686","ST00386",15451144,15626046,"ST",0.988807021302766
"687","ST00387",14582785,14727541,"ST",0.990171067933201
"688","ST00390",14611533,14768610,"ST",0.989364131086135
"689","ST00391",21784401,21910443,"ST",0.994247400657303
"690","ST00392",10594309,10709300,"ST",0.989262510154725
"691","ST00395",10540302,10629983,"ST",0.991563391964032
"692","ST00403",12160611,12228568,"ST",0.994442767133486
"693","ST00404",6861603,7016099,"ST",0.977979786203131
"694","ST00405",9183190,9269196,"ST",0.990721309593626
"695","ST00406",16062421,16458950,"ST",0.975908001421719
"696","ST00407",11229494,11319176,"ST",0.992076985109163
"697","ST00408",5470735,5571669,"ST",0.981884422782473
"698","ST00411",17804826,17891960,"ST",0.995129991348069
"699","ST00412",9738119,9844635,"ST",0.989180299726704
"700","ST00413",8748354,8877834,"ST",0.985415361449651
"701","ST00414",16033775,16205260,"ST",0.989417942075598
"702","ST00415",12826463,12906721,"ST",0.993781689400429
"703","ST00416",8658075,8725540,"ST",0.992268100312416
"704","ST00420",25055346,25156306,"ST",0.995986692163786
"705","ST00422",11041081,11129550,"ST",0.992050981396373
"706","ST00423",19268720,19378434,"ST",0.99433834539984
"707","ST00424",15322717,15446379,"ST",0.991994110723296
"708","ST00425",7210708,7280842,"ST",0.990367322900291
"709","ST00429",8307703,8442007,"ST",0.984090986894467
"710","ST00431",8227395,8370955,"ST",0.982850224377028
"711","ST00432",13495333,13585158,"ST",0.993388004762256
"712","ST00434",1165796,1240615,"ST",0.939692007593008
"713","ST00435",17353058,17435091,"ST",0.995294948560922
"714","ST00436",15055994,15153649,"ST",0.993555677579704
"715","ST00439",18068136,18190449,"ST",0.993275976860164
"716","ST00440",15715018,15816906,"ST",0.99355828504007
"717","ST00441",11734687,11826440,"ST",0.992241705872604
"718","ST00442",9336870,9429440,"ST",0.990182874062511
"719","ST00443",12060999,12142621,"ST",0.993278057513283
"720","ST00445",12515534,12625919,"ST",0.991257270064856
"721","ST00447",14075215,14176968,"ST",0.992822654322137
"722","ST00450",9360913,9412855,"ST",0.994481801748779
"723","ST00452",21529264,21609217,"ST",0.996300051038406
"724","ST00453",13409233,13476605,"ST",0.995000818084377
"725","ST00454",18238390,18374980,"ST",0.992566522521385
"726","ST00458",13105235,13185701,"ST",0.993897480308404
"727","ST00459",14186730,14516614,"ST",0.977275416980847
"728","ST00461",16123444,16171684,"ST",0.997017008247255
"729","ST00463",11136779,11201611,"ST",0.994212261075661
"730","ST00465",10516909,10619907,"ST",0.990301421660284
"731","ST00466",22272628,22432405,"ST",0.992877402133209
"732","ST00469",15068981,15136632,"ST",0.995530643805042
"733","ST00470",11814761,11902480,"ST",0.992630191355079
"734","ST00472",16861551,16965064,"ST",0.993898460978397
"735","ST00473",9470538,9559622,"ST",0.990681221495996
"736","ST00474",13043696,13113288,"ST",0.994693016732341
"737","ST00475",10683718,10774258,"ST",0.991596637095566
"738","ST00477",10118177,10235284,"ST",0.988558500184264
"739","ST00479",10552614,10705739,"ST",0.985696923864854
"740","ST00480",9356008,9456702,"ST",0.989352101821544
"741","ST00481",17829858,17912735,"ST",0.995373291683263
"742","ST00482",13013785,13150945,"ST",0.989570331257564
"743","ST00485",13581622,13643178,"ST",0.995488147996017
"744","ST00487",9296883,9409300,"ST",0.988052565015463
"745","ST00491",10091929,10155156,"ST",0.993773901651535
"746","ST00493",20765898,20981550,"ST",0.989721827033751
"747","ST00494",14838793,15070491,"ST",0.984625716574198
"748","ST00496",13571661,13650927,"ST",0.99419336137392
"749","ST00499",13503066,13589278,"ST",0.993655880761288
"750","ST00500",12677312,12772981,"ST",0.992510049142013
"751","ST00505",9548616,9663271,"ST",0.988134970032404
"752","ST00507",12475551,12583107,"ST",0.991452349566764
"753","ST00509",11386507,11456268,"ST",0.993910669687546
"754","ST00511",13400791,13476100,"ST",0.994411662127767
"755","ST00512",14420385,14557581,"ST",0.990575632036669
"756","ST00515",20232852,20360556,"ST",0.993727872657309
"757","ST00517",23616431,23737262,"ST",0.994909648804483
"758","ST00518",7753607,7929360,"ST",0.977835159458014
"759","ST00519",11828081,11908926,"ST",0.99321139454557
"760","ST00520",6214538,6334130,"ST",0.981119427608843
"761","ST00521",13229374,13406189,"ST",0.986810942319253
"762","ST00522",12493719,12566359,"ST",0.994219487124313
"763","ST00523",13270556,13405513,"ST",0.98993272394723
"764","ST00524",9701650,9810425,"ST",0.988912305022463
"765","ST00537",14180350,14293663,"ST",0.992072500939752
"766","ST00538",7548503,7671852,"ST",0.983921874405294
"767","ST00541",13362106,13436137,"ST",0.99449015740164
"768","ST00542",25016750,25101565,"ST",0.996621127009412
"769","ST00543",13704362,13800324,"ST",0.993046395142607
"770","ST00544",10729326,10826143,"ST",0.991057110551745
"771","ST00545",22346504,22449421,"ST",0.995415605596242
"772","ST00546",14833176,14891529,"ST",0.996081463495119
"773","ST00547",11650457,11794566,"ST",0.98778174627197
"774","ST00548",7673638,7744854,"ST",0.990804733052424
"775","ST00549",19027033,19135482,"ST",0.994332570248296
"776","ST00550",15994373,16087815,"ST",0.994191753199549
"777","ST00551",9180191,9300729,"ST",0.987039940632611
"778","ST00552",13819232,13918831,"ST",0.992844298490297
"779","ST00553",11019335,11092695,"ST",0.993386638684287
"780","ST00555",14821352,14886077,"ST",0.995651977347692
"781","ST00557",14365198,14514918,"ST",0.989685095017416
"782","ST00558",12464349,12588670,"ST",0.990124373742421
"783","ST00559",10751575,10926485,"ST",0.983992107251326
"784","ST00560",13564574,13630951,"ST",0.995130420467361
"785","ST00562",11542079,11677433,"ST",0.988408925146477
"786","ST00563",12218416,12301288,"ST",0.993263144477229
"787","ST00564",8056828,8238966,"ST",0.977893099692364
"788","ST00566",14712594,14821711,"ST",0.99263802944208
"789","ST00567",18630163,18793782,"ST",0.99129398223306
"790","ST00568",8462725,8537730,"ST",0.991214877959364
"791","ST00569",5252794,5300053,"ST",0.991083296714203
"792","ST00570",11400802,11521203,"ST",0.989549615608717
"793","ST00571",13849563,14003760,"ST",0.988988885842088
"794","ST00572",11856618,11932511,"ST",0.993639813112261
"795","ST00575",14508664,15135350,"ST",0.95859454852382
"796","ST00576",13282722,13330370,"ST",0.996425605590843
"797","ST00577",23200374,23340864,"ST",0.99398094260778
"798","ST00578",12915593,12997535,"ST",0.993695573814573
"799","ST00581",11775071,11907996,"ST",0.988837332494905
"800","ST00583",7543791,7644630,"ST",0.98680917192853
"801","ST00584",14068714,14205804,"ST",0.990349719030334
"802","ST00586",11141902,11291492,"ST",0.986751972192869
"803","ST00587",15187773,15391232,"ST",0.986780850291906
"804","ST00597A",9530342,9687260,"ST",0.983801611601216
"805","ST00601",10400937,10453567,"ST",0.994965354887954
"806","ST00604",14301945,14478180,"ST",0.987827544622321
"807","ST00618",8902393,9046779,"ST",0.984040065530505
"808","ST00619",10371241,10529562,"ST",0.984964141908277
"809","ST00620",12429572,12515858,"ST",0.993105866173937
"810","ST00621",10482450,10638697,"ST",0.985313333014372
"811","ST00622",16654972,16790440,"ST",0.991931837402713
"812","ST00623",3817327,3881980,"ST",0.983345354690132
"813","ST00624",12303382,12368712,"ST",0.994718124247699
"814","ST00625",13546832,13620893,"ST",0.994562691300783
"815","ST00626",11067827,11241099,"ST",0.98458584876799
"816","ST00627",12599650,12738453,"ST",0.989103621923321
"817","ST00628",15974361,16044740,"ST",0.995613578032427
"818","ST00629",26987013,27219386,"ST",0.991462959524509
"819","ST00630",9781867,9842748,"ST",0.993814633880701
"820","ST00632",9581426,9647250,"ST",0.993176915701366
"821","ST00633",9913865,10059068,"ST",0.985564964865532
"822","ST00635",8224791,8279106,"ST",0.993439509048441
"823","ST00637",10833066,10895982,"ST",0.99422576138617
"824","ST00638",17147955,17234404,"ST",0.994983928658049
"825","ST00639",13460901,13604146,"ST",0.989470489364051
"826","ST00641",22389196,22601555,"ST",0.990604230549624
"827","ST00642",13891276,13957119,"ST",0.995282479142006
"828","ST00644",11897640,11966050,"ST",0.994282992299046
"829","ST00646",10409820,10484870,"ST",0.992842066711366
"830","ST00647",16938194,17113809,"ST",0.989738403648188
"831","ST00648",17768835,17851987,"ST",0.995342143146306
"832","ST00649",12755603,12857520,"ST",0.99207335473715
"833","ST00650",13399400,13455930,"ST",0.995798878264081
"834","ST00651",11962463,12217716,"ST",0.979107960931487
"835","ST00652",13177361,13251124,"ST",0.994433453343279
"836","ST00653",15420118,15486188,"ST",0.99573361759524
"837","ST00655",11345975,11512428,"ST",0.98554145137759
"838","ST00656",7787089,7842560,"ST",0.992926926921821
"839","ST01001",10312703,10386658,"ST",0.992879807922818
"840","ST01002",16270274,16373719,"ST",0.993682253860592
"841","ST01003",14497917,14569534,"ST",0.995084468727689
"842","ST01004",7031860,7118103,"ST",0.987883991001535
"843","ST01005",17310268,17557831,"ST",0.985900137665068
"844","ST01006",10298924,10367573,"ST",0.993378488871021
"845","ST01007",8652859,8788453,"ST",0.984571346060564
"846","ST01008",13578191,13640823,"ST",0.995408488182861
"847","ST01011",19150368,19351777,"ST",0.989592221944269
"848","ST01029",10698314,10773244,"ST",0.993044806188368
"849","ST01030",24777562,24874219,"ST",0.996114169453923
"850","ST01031",13885461,13956690,"ST",0.994896426015051
"851","ST01032",12797944,12970790,"ST",0.986674211825186
"852","ST01033",11087873,11234299,"ST",0.986966164956087
"853","ST01035",23568922,23764247,"ST",0.991780720003457
"854","ST01037",25670358,25764255,"ST",0.996355532112223
"855","ST01039",1706518,1857767,"ST",0.918585592272874
"856","ST01040",10465068,10567871,"ST",0.990272118196749
"857","ST01041",13917945,14060687,"ST",0.989848148956022
"858","ST01042",14563885,14614508,"ST",0.996536113292353
"859","ST01043",2864060,9932923,"ST",0.288340098881266
"860","ST01044",13522980,13575975,"ST",0.996096412964815
"861","ST01045",9558310,9625550,"ST",0.993014425149732
"862","ST01046",10427693,10484786,"ST",0.994554681421252
"863","ST01047",13160421,13238554,"ST",0.994098071435899
"864","ST01049",8997630,9119187,"ST",0.986670193296837
"865","ST01050",11919564,12000894,"ST",0.993223004886136
"866","ST01051",7815171,7998988,"ST",0.977019968025955
"867","ST01052",11795300,11859661,"ST",0.994573116381657
"868","ST01054",15525636,15645065,"ST",0.992366346832052
"869","ST01055",15986749,16072516,"ST",0.994663747729354
"870","ST01056",9936088,10030888,"ST",0.99054919165681
"871","ST01059",11558850,11758449,"ST",0.983025057131259
"872","ST01061",15190148,15238313,"ST",0.996839217044564
"873","ST01062",18587979,18899808,"ST",0.983500943501648
"874","ST01063",7312598,7376862,"ST",0.991288436736379
"875","ST01064",3453500,3600101,"ST",0.959278642460309
"876","ST01065",11759723,11796050,"ST",0.996920409798195
"877","ST01068",9860983,9938559,"ST",0.992194441870295
"878","ST01077",13536977,13697764,"ST",0.988261806817521
"879","ST01089",14880617,14954730,"ST",0.995044176658489
"880","ST01090",15959890,16036018,"ST",0.995252686795438
"881","ST01091",12093624,12266039,"ST",0.985943710108862
"882","ST01093",7496174,7636073,"ST",0.981679195576051
"883","ST01094",9042826,9161311,"ST",0.987066807359776
"884","ST01095",17606759,17768648,"ST",0.990889064829243
"885","ST01096",8526693,8694658,"ST",0.980681816352064
"886","ST01097",15042596,15253449,"ST",0.986176700102383
"887","ST01098",12162205,12315799,"ST",0.987528701954295
"888","ST01100",11534285,11655762,"ST",0.989577944367773
"889","ST01101",18839297,18914498,"ST",0.996024160937287
"890","ST01102",13542414,13732668,"ST",0.986145882213129
"891","ST01103",13139633,13224110,"ST",0.993611895242856
"892","ST01104",24385133,24534663,"ST",0.9939053574936
"893","ST01105",18682002,18890793,"ST",0.988947472983268
"894","ST01106",9533381,9600384,"ST",0.993020800001333
"895","ST01107",10869996,11050220,"ST",0.983690460461421
"896","ST01108",6251288,6415070,"ST",0.974469179603652
"897","ST01109",5571107,8234772,"ST",0.676534456570261
"898","ST01110",10274984,10343442,"ST",0.993381506852361
"899","ST01111",13536455,13597763,"ST",0.995491317211515
"900","ST01113",5605396,5697598,"ST",0.983817391118152
"901","ST01114",7286094,7353133,"ST",0.990882933846022
"902","ST01115",12965723,13039870,"ST",0.994313823680758
"903","ST01116",9162491,9227150,"ST",0.992992527486819
"904","ST01117",12478570,12537125,"ST",0.995329471469735
"905","ST01118",11034994,11086401,"ST",0.995363057858001
"906","ST01119",24537042,24645553,"ST",0.995597136732943
"907","ST01120",17059409,17193073,"ST",0.992225706248092
"908","ST01138",25723499,25949159,"ST",0.991303764411016
"909","ST01145",13311343,13404966,"ST",0.993015797279904
"910","SW00001",491792,5780147,"SW",0.0850829572327486
"911","SW00002",18887565,20214341,"SW",0.934364617674155
"912","SW00003",6789040,8201952,"SW",0.827734666089243
"913","SW00004",9340406,13403263,"SW",0.696875529488603
"914","SW00005",5338981,13463099,"SW",0.39656404517266
"915","SW00006",347269,8503721,"SW",0.0408372993422526
"916","SW00007",4666174,7949617,"SW",0.586968403635043
"917","SW00008",1569610,8637067,"SW",0.181729515355155
"918","SW00009",14477675,15173506,"SW",0.954141712534994
"919","SW00011",9362178,12345731,"SW",0.758333224658791
"920","SW00012",11134973,12591958,"SW",0.884292419018551
"921","SW00013",7999948,9526032,"SW",0.839798564606963
"922","SW00014",12537787,13251859,"SW",0.946115333705256
"923","SW00015",11687425,11936591,"SW",0.979125866003116
"924","SW00016",10670309,10876670,"SW",0.981027189387928
"925","SW00018",7492791,11931862,"SW",0.627964939587803
"926","SW00019",2861177,10872354,"SW",0.263160765368751
"927","SW00020",1696670,9975112,"SW",0.170090320790383
"928","SW00021",466684,7948359,"SW",0.0587145094981241
"929","SW00022",9823874,14056272,"SW",0.698896122670364
"930","SW00023",4757264,12762173,"SW",0.37276285159275
"931","SW00024A",1606935,11684761,"SW",0.137523993858325
"932","SW00024B",17130591,20407036,"SW",0.83944532660206
"933","SW00025",11006866,13180122,"SW",0.83511108622515
"934","SW00026",15239429,17152422,"SW",0.888470969289352
"935","SW00027",15907730,16832413,"SW",0.945065333175939
"936","SW00028",3023659,15226324,"SW",0.198581023233185
"937","SW00029",7574647,11783240,"SW",0.642832277030766
"938","SW00030",10469004,12891888,"SW",0.812061352068836
"939","SW00031",7996351,16696459,"SW",0.478924962472582
"940","SW00032",4071273,10064266,"SW",0.404527563162579
"941","SW00033",10398506,15736600,"SW",0.66078479468246
"942","SW00035",7271818,13950684,"SW",0.521251717836917
"943","SW00036",1559354,7032859,"SW",0.221724052764317
"944","SW00038",2974645,16584746,"SW",0.179360298915642
"945","SW00039",13911019,14077439,"SW",0.98817824747811
"946","SW00040",7468089,20309980,"SW",0.367705384249517
"947","SW00041",381416,9732202,"SW",0.0391911306403217
"948","SW00042",1510933,14258503,"SW",0.105967155177511
"949","SW00043",3883796,13510164,"SW",0.28747215799897
"950","SW00044",13217837,14091479,"SW",0.938002107514761
"951","SW00045",11712391,18766708,"SW",0.624104717780018
"952","SW00046",14946667,20134577,"SW",0.74233826715108
"953","SW00047",1629920,12381085,"SW",0.131645974484466
"954","SW00048",10286643,13267507,"SW",0.775325990029627
"955","SW00049",1714729,10307521,"SW",0.166357070725347
"956","SW00050",3187071,13306955,"SW",0.239504154030731
"957","SW00051",8857024,11059691,"SW",0.800838287434974
"958","SW00052",3997321,14725710,"SW",0.271451834920014
"959","SW00053",9980666,10769986,"SW",0.926711139643078
"960","SW00054",22867987,27633767,"SW",0.827537809086977
"961","SW00055",13802404,14493816,"SW",0.952296068888966
"962","SW00056",9946802,13006716,"SW",0.76474353710806
"963","SW00057",1373749,21950970,"SW",0.0625826102445587
"964","SW00059",6551410,14806990,"SW",0.442453868071769
"965","SW00060",4292904,13306524,"SW",0.322616484966322
"966","SW00061",1050968,10508575,"SW",0.100010515222092
"967","SW00062",10700435,18665608,"SW",0.573270101890064
"968","SW00063",19524344,21443578,"SW",0.910498425216165
"969","SW00064",553567,18373922,"SW",0.0301278627393759
"970","SW00065",1316255,7906132,"SW",0.166485330626911
"971","SW00066",11035353,21218307,"SW",0.520086404631623
"972","SW00067",8055752,12170511,"SW",0.661907458117412
"973","SW00068",4282619,12227325,"SW",0.350249870678992
"974","SW00069",3792263,15158736,"SW",0.250170132918734
"975","SW00070",18420475,19019725,"SW",0.968493235312288
"976","SW00071",12360199,20363658,"SW",0.606973413126463
"977","SW00072",10148543,14059236,"SW",0.721841713162792
"978","SW00073",4775550,14982173,"SW",0.318748822350403
"979","SW00074",6937424,12982848,"SW",0.534353017150012
"980","SW00075",3817871,10765067,"SW",0.35465371464943
"981","SW00076",13658893,21789938,"SW",0.62684405068064
"982","SW00077",12978168,14644377,"SW",0.886221926682166
"983","SW00078",1529997,11775934,"SW",0.129925745168069
"984","SW00079",6475772,23797508,"SW",0.27211975304305
"985","SW00080",2690863,11835469,"SW",0.227355840313552
"986","SW00082",11008557,17044374,"SW",0.64587628738961
"987","SW00083",17903496,18854556,"SW",0.949558080285741
"988","SW00085",9219590,15664132,"SW",0.588579692765613
"989","SW00086",17487160,18971370,"SW",0.921765797620309
"990","SW00087",2666769,9380420,"SW",0.284291001895438
"991","SW00088",12769142,22307313,"SW",0.572419546899261
"992","SW00089",20121866,25872515,"SW",0.777731349271611
"993","SW00090",3952112,14321015,"SW",0.275965914427155
"994","SW00091",793666,11038676,"SW",0.0718986588608996
"995","SW00092",1758488,9960148,"SW",0.176552396610974
"996","SW00093",2279384,7659131,"SW",0.297603474858962
"997","SW00094",2026386,3363131,"SW",0.602529607083399
"998","SW00095",10949438,11246706,"SW",0.973568438616605
"999","SW00096",498121,13074832,"SW",0.0380976979283558
"1000","SW00097",12218155,16351798,"SW",0.747205597818662
"1001","SW00098",9599327,9719960,"SW",0.987589146457393
"1002","SW00099",8854162,21936405,"SW",0.403628671151905
"1003","SW00100",807649,13579298,"SW",0.0594764913473436
"1004","SW00101",4105683,12671225,"SW",0.3240162651993
"1005","SW00102",15435967,20573846,"SW",0.750271339641601
"1006","SW00103",7286685,7630999,"SW",0.954879564261508
"1007","SW00105",12279756,14240423,"SW",0.862316800561332
"1008","SW00106",11974575,13120888,"SW",0.912634495470124
"1009","SW00107",8625398,13716288,"SW",0.628843459688219
"1010","SW00110",1418564,11111375,"SW",0.127667727891463
"1011","SW00111",7854891,18793801,"SW",0.417951163790656
"1012","SW00112",8099884,13186348,"SW",0.614262872479931
"1013","SW00113",2504312,11209156,"SW",0.223416642608953
"1014","SW00114",386358,8809623,"SW",0.0438563602551437
"1015","SW00115",3193920,9329505,"SW",0.342346137335261
"1016","SW00116",10803664,20280118,"SW",0.532721949645461
"1017","SW00117",3057623,14523162,"SW",0.210534248671192
"1018","SW00118",12320302,15039749,"SW",0.819182687157877
"1019","SW00119",1038161,10172066,"SW",0.102059994498659
"1020","SW00120",1231181,15393261,"SW",0.0799818180176377
"1021","SW00121",1577441,10940195,"SW",0.144187649306068
"1022","SW00122",2695898,10802412,"SW",0.249564449124881
"1023","SW00123",5395852,10175812,"SW",0.530262548089528
"1024","SW00124",17800615,18249121,"SW",0.975423145038054
"1025","SW00125",8359815,11535405,"SW",0.724709275487077
"1026","SW00126",2171412,13824887,"SW",0.157065442921884
"1027","SW00127",1806486,11992198,"SW",0.150638440092467
"1028","SW00128",10189555,10423587,"SW",0.977547844134653
"1029","SW00129",4418606,17599161,"SW",0.251069127670347
"1030","SW00130",9228052,13205878,"SW",0.698783677995511
"1031","SW00131",1535910,11521333,"SW",0.13331009528151
"1032","SW00132",2484531,9599583,"SW",0.258816554844101
"1033","SW00133",5982812,12065480,"SW",0.495861913492045
"1034","SW00134",1029248,14418920,"SW",0.0713817678439162
"1035","SW00135",2530409,18979702,"SW",0.13332185089102
"1036","SW00136",6277070,11189414,"SW",0.560982907594625
"1037","SW00137",7654615,17842477,"SW",0.42901078140664
"1038","SW00138",3888915,10519315,"SW",0.369692798437921
"1039","SW00139",6138435,26022155,"SW",0.2358926460933
"1040","SW00140",3077728,11232720,"SW",0.273996681124429
"1041","SW00141",9492659,14742725,"SW",0.643887680194808
"1042","SW00142",1056435,11647280,"SW",0.0907022927241382
"1043","SW00144",652077,12497247,"SW",0.0521776516059897
"1044","SW00145",2005909,13256008,"SW",0.151320744525803
"1045","SW00146",3107651,10526692,"SW",0.295216293969654
"1046","SW00147",2737322,12579251,"SW",0.217606119792029
"1047","SW00148",13137037,16162836,"SW",0.81279281680517
"1048","SW00149",10501193,13661777,"SW",0.768654985365374
"1049","SW00150",9906103,10515868,"SW",0.94201477234214
"1050","SW00151",7305436,12992220,"SW",0.562293126193984
"1051","SW00152",3465758,9870416,"SW",0.351125828941759
"1052","SW00153",13021234,18311536,"SW",0.7110945799413
"1053","SW00154",4080742,12240244,"SW",0.33338730829222
"1054","SW00155",16211921,17884742,"SW",0.906466584756996
"1055","SW00156",11389552,12518702,"SW",0.909802949219496
"1056","SW00157",5593325,10419577,"SW",0.536809219798462
"1057","SW00158",12851860,14297542,"SW",0.898885976344745
"1058","SW00159",9457847,11797676,"SW",0.801670345922366
"1059","SW00160",5389794,13593363,"SW",0.396501881101829
"1060","SW00161",721791,3174623,"SW",0.227362745119657
"1061","SW00163",1397523,11662561,"SW",0.11982985555231
"1062","SW00164",10307212,11731257,"SW",0.878611047392449
"1063","SW00165",10457825,15095997,"SW",0.692754840902525
"1064","SW00166",14765249,15798110,"SW",0.934621230007893
"1065","SW00167",2698628,12205743,"SW",0.221094938669444
"1066","SW00168",17952005,20039889,"SW",0.895813594576297
"1067","SW00169",1588182,15959422,"SW",0.0995137543201753
"1068","SW00170",4840700,20294754,"SW",0.238519767226545
"1069","SW00171",12946371,13572798,"SW",0.953846878145538
"1070","SW00172",512550,10038260,"SW",0.0510596457951876
"1071","SW00173",12896164,14695413,"SW",0.877563903784126
"1072","SW00174",7043604,12163163,"SW",0.579093119117124
"1073","SW00175",1962696,7159758,"SW",0.274128818320396
"1074","SW00176",11691369,14200341,"SW",0.823316073888648
"1075","SW00177",9009040,11788517,"SW",0.764221657397618
"1076","SW00178",16177905,16621657,"SW",0.973302782027087
"1077","SW00179",2544879,10632003,"SW",0.239360259774193
"1078","SW00180",5414521,11530774,"SW",0.469571340137271
"1079","SW00181",1107159,13411927,"SW",0.0825503300159627
"1080","SW00182",4395859,12927447,"SW",0.340040767523549
"1081","SW00183",5500843,13609719,"SW",0.404184906389324
"1082","SW00184",4244064,13797643,"SW",0.307593405627323
"1083","SW00185",9536406,10560031,"SW",0.903066098953687
"1084","SW00186",6580219,13224932,"SW",0.497561650978621
"1085","SW00187",4219392,15626189,"SW",0.270020540516949
"1086","SW00188",218793,7762435,"SW",0.0281861297389286
"1087","SW00189",8197525,8778283,"SW",0.933841504084569
"1088","SW00190",4649920,11281608,"SW",0.412168194463059
"1089","SW00191",2040939,15309091,"SW",0.13331549208245
"1090","SW00192",5350112,5403063,"SW",0.990199818140192
"1091","SW00194",764537,11382080,"SW",0.0671702360201299
"1092","SW00195",2530078,8193727,"SW",0.308782316032741
"1093","SW00196",2171300,9160211,"SW",0.237036024606857
"1094","SW00197",4488195,16701656,"SW",0.268727544142928
"1095","SW00198",8915763,17069072,"SW",0.522334371780727
"1096","SW00199",913757,11675060,"SW",0.0782657219748764
"1097","SW00200",5930651,14305726,"SW",0.414564839281837
"1098","SW00201",1397688,9310320,"SW",0.150122444770964
"1099","SW00202",2170495,12045625,"SW",0.180189487884605
"1100","SW00203",12050106,15362695,"SW",0.784374486377553
"1101","SW00204",593273,16221911,"SW",0.03657232492522
"1102","SW00205",7019428,17952711,"SW",0.390995432389014
"1103","SW00206",9238961,12990255,"SW",0.711222450983449
"1104","SW00207",9982992,10226965,"SW",0.976144144426034
"1105","SW00208",7036683,9063436,"SW",0.776381385602546
"1106","SW00209",121400,2687240,"SW",0.0451764635834537
"1107","SW00210",3611619,12347601,"SW",0.292495602992031
"1108","SW00211",13231956,16892457,"SW",0.783305590181464
"1109","SW00212",12520378,13057125,"SW",0.958892405487425
"1110","SW00213",11804537,14136080,"SW",0.835064388430173
"1111","SW00214",22501489,27527331,"SW",0.817423563512205
"1112","SW00215",11598301,15046290,"SW",0.770841250567416
"1113","SW00216",8124851,14642040,"SW",0.554898839232784
"1114","SW00217",3887064,9234450,"SW",0.420930753861898
"1115","SW00218",398619,10792221,"SW",0.0369357706814936
"1116","SW00219",2667899,11313300,"SW",0.235819698938418
"1117","SW00220",4602643,17406787,"SW",0.26441657498308
"1118","SW00221",932875,11478570,"SW",0.0812710119814576
"1119","SW00222",320040,11362643,"SW",0.0281659821574963
"1120","SW00223",2904007,10417205,"SW",0.278770265152697
"1121","SW00224",17368792,19354363,"SW",0.897409643500021
"1122","SW00225",4132007,11474651,"SW",0.360098708012993
"1123","SW00226",3884947,11111965,"SW",0.349618361828893
"1124","SW00227",6129246,13147953,"SW",0.466174924720221
"1125","SW00228",10454854,12386783,"SW",0.844033031013783
"1126","SW00229",12507218,18955407,"SW",0.659823236715519
"1127","SW00230",875823,15489892,"SW",0.0565415820846265
"1128","SW00231",514903,14940719,"SW",0.0344630670050083
"1129","SW00232",6277299,13261163,"SW",0.47335961408513
"1130","SW00233",11006390,13069784,"SW",0.842124858375624
"1131","SW00234",7188655,16715285,"SW",0.430064758094164
"1132","SW00235",5387337,14393863,"SW",0.374280135916258
"1133","SW00236",12473829,16024865,"SW",0.778404623065467
"1134","SW00237",12939639,13376210,"SW",0.967362130229714
"1135","SW00238",7023583,14358344,"SW",0.489163861793533
"1136","SW00239",301494,8036140,"SW",0.0375172657519655
"1137","SW00240",3263952,11023445,"SW",0.296091829731994
"1138","SW00241",4432183,14097194,"SW",0.314401788043777
"1139","SW00242",3941153,9157575,"SW",0.430370813233853
"1140","SW00243",7159076,7269192,"SW",0.984851686404761
"1141","SW00244",16266928,19537177,"SW",0.832614046543162
"1142","SW00245",9671881,16726483,"SW",0.578237576901253
"1143","SW00246",3381701,7922157,"SW",0.426866193134016
"1144","SW00247",8682432,9459375,"SW",0.917865292368682
"1145","SW00248",11509890,12836391,"SW",0.896660907259681
"1146","SW00249",11853786,17561748,"SW",0.674977570569854
"1147","SW00250",18816078,20236229,"SW",0.929821361479948
"1148","SW00251",5159512,9363290,"SW",0.551036227650751
"1149","SW00252",12772209,21910080,"SW",0.582937579415502
"1150","SW00253",12097768,12849844,"SW",0.941471974290116
"1151","SW00254",10505684,10648858,"SW",0.986554990215852
"1152","SW00255",560463,8337866,"SW",0.067218998242476
"1153","SW00256",1692945,11893874,"SW",0.142337559654659
"1154","SW00257",13864336,14075559,"SW",0.984993633290159
"1155","SW00258",13189367,13355555,"SW",0.987556638417497
"1156","SW00259",1973415,11539877,"SW",0.171008321839132
"1157","SW00260",3479601,12474430,"SW",0.278938676957584
"1158","SW00261",12455425,12629343,"SW",0.986229054037094
"1159","SW00262",2815912,10910994,"SW",0.258080244568002
"1160","SW00263",893956,13409106,"SW",0.0666678300551879
"1161","SW00264",2169614,10448970,"SW",0.207639030449891
"1162","SW00265",12741115,13944489,"SW",0.913702538687506
"1163","SW00266",6532686,14302939,"SW",0.456737318113431
"1164","SW00267",4625121,9025020,"SW",0.512477645478902
"1165","SW00268",12327932,12492117,"SW",0.986856911442632
"1166","SW00269",10057059,10239174,"SW",0.982213897331953
"1167","SW00270",15076745,17545520,"SW",0.859293141497089
"1168","SW00271",9837946,13489108,"SW",0.729325171093596
"1169","SW00272",13118919,15650644,"SW",0.838235091156632
"1170","SW00273",8012967,19490719,"SW",0.411117055250758
"1171","SW00274",784812,10311052,"SW",0.0761136690999134
"1172","SW00275",1280516,12190392,"SW",0.105043053578589
"1173","SW00276",8295114,10754415,"SW",0.771321731586516
"1174","SW00279",720497,10351329,"SW",0.0696042991194657
"1175","SW00280",10862934,13495694,"SW",0.804918516972895
"1176","SW00281",9678509,9793355,"SW",0.988273068830855
"1177","SW00282",4658194,11970657,"SW",0.38913436413724
"1178","SW00283",10204792,14389976,"SW",0.709159765103152
"1179","SW00285",611712,14982561,"SW",0.0408282669431481
"1180","SW00286",4605291,9150674,"SW",0.503273420078128
"1181","SW00287",1870303,10550455,"SW",0.17727225982197
"1182","SW00288",429562,13523034,"SW",0.0317652089020851
"1183","SW00289",2862452,16870364,"SW",0.169673398866794
"1184","SW00290",4485092,12378135,"SW",0.362339883997064
"1185","SW00291",1184199,8560343,"SW",0.138335461558024
"1186","SW00292",4979656,11790374,"SW",0.422349282558806
"1187","SW00293",10902616,11430094,"SW",0.953851823090869
"1188","SW00294",4862666,12115916,"SW",0.401345304804028
"1189","SW00295",5900444,15009288,"SW",0.393119513730431
"1190","SW00296",17453768,17990954,"SW",0.970141327691683
"1191","SW00297",7103866,14635519,"SW",0.485385314999762
"1192","SW00298",8682600,9575127,"SW",0.906786928256931
"1193","SW00299",498460,11569400,"SW",0.0430843431811503
"1194","SW00300",1803733,9254160,"SW",0.194910505113376
"1195","SW00301",5671330,20771731,"SW",0.273031169140405
"1196","SW00302",2133557,13391874,"SW",0.159317284496554
"1197","SW00303",4759742,12513144,"SW",0.380379383470693
"1198","SW00304",14558503,14941748,"SW",0.974350725229739
"1199","SW00305",6383376,10084690,"SW",0.632976918477415
"1200","SW00306",1072330,9507524,"SW",0.112787514393863
"1201","SW00308",13107420,13181004,"SW",0.994417420706344
"1202","SW00309",10317502,10501425,"SW",0.982485900722997
"1203","SW00310",8677331,13481625,"SW",0.643641326620493
"1204","SW00311",14027246,15059635,"SW",0.931446612085884
"1205","SW00312",7636970,9278269,"SW",0.823102886971697
"1206","SW00314",7044327,12173901,"SW",0.578641718870558
"1207","SW00316",638141,18699612,"SW",0.0341258952324786
"1208","SW00317",4956144,9919544,"SW",0.499634257381186
"1209","SW00318",2711565,14058944,"SW",0.192871171547451
"1210","SW00319",3023429,15721486,"SW",0.192311909955586
"1211","SW00321",4468442,13010374,"SW",0.343452232810525
"1212","SW00322",18924197,20661276,"SW",0.915925860532525
"1213","SW00323",19503807,21357801,"SW",0.913193591418892
"1214","SW00324",5286363,7011325,"SW",0.753974890623384
"1215","SW00325",5330848,11644331,"SW",0.457806292177713
"1216","SW00326",9010186,9901842,"SW",0.909950492039764
"1217","SW00328",4668049,15860183,"SW",0.294325040259624
"1218","SW00329",7561599,15443464,"SW",0.489631018015129
"1219","SW00331",1088268,10934225,"SW",0.0995285902750309
"1220","SW00333",9860980,15107275,"SW",0.652730555311928
"1221","SW00334",12798684,15002148,"SW",0.853123432724434
"1222","SW00335",9508796,10269908,"SW",0.925889112151735
"1223","SW00337",2248309,13199862,"SW",0.170328220098059
"1224","SW00338",2440978,7185355,"SW",0.339715713419866
"1225","SW00339",12145715,13175528,"SW",0.92183895780116
"1226","SW00340",7718689,8772835,"SW",0.879839755335647
"1227","SW00341",10431677,18039655,"SW",0.578263664133266
"1228","SW00342",7349113,14084834,"SW",0.521774910517227
"1229","SW00343",1278433,9772818,"SW",0.130815185548324
"1230","SW00344",4117589,9374551,"SW",0.439230529547495
"1231","SW00345",11696099,11845512,"SW",0.987386530865023
"1232","SW00347",9228690,11729184,"SW",0.786814325702453
"1233","SW00348",4181971,12887169,"SW",0.324506569286086
"1234","SW00349",2669160,10913469,"SW",0.244574845999929
"1235","SW00350",32135744,34722826,"SW",0.925493333981514
"1236","SW00351",9882591,12294791,"SW",0.803803090268066
"1237","SW00355",10109585,10230347,"SW",0.988195708317616
"1238","SW00356",2852116,14229357,"SW",0.20043885328058
"1239","SW00357",6744083,15637962,"SW",0.431263549559719
"1240","SW00358",13191277,13906529,"SW",0.948567180207225
"1241","SW00359",768489,13257872,"SW",0.0579647321983498
"1242","SW00361",4373818,10557985,"SW",0.414266358590204
"1243","SW00362",5330319,13229778,"SW",0.402903132614924
"1244","SW00365",11080693,12657822,"SW",0.875402814165028
"1245","SW00366",7508786,9762476,"SW",0.769147703922652
"1246","SW00367",7744297,9957807,"SW",0.777711096429164
"1247","SW00368",3142398,6468585,"SW",0.485793724593555
"1248","SW00369",5605328,13137118,"SW",0.426678667269336
"1249","SW00370",1950011,10418448,"SW",0.187169048595338
"1250","SW00371",8369271,10216151,"SW",0.819219586711277
"1251","SW00372",3978834,5429278,"SW",0.732847719346845
"1252","SW00373",6694378,10988257,"SW",0.609230199111652
"1253","SW00374",13454999,18031613,"SW",0.746189428533099
"1254","SW00375",3207549,13666534,"SW",0.234700985633958
"1255","SW00376",894257,10745727,"SW",0.0832197765679325
"1256","SW00378",13649182,15948327,"SW",0.855837856848559
"1257","SW00380",12273109,15486598,"SW",0.792498714049399
"1258","SW00381",17682429,19192950,"SW",0.921298132908177
"1259","SW00383",1575073,9773200,"SW",0.161162464699382
"1260","SW00385",18059859,18760484,"SW",0.962654215104472
"1261","SW00387",3985547,11138009,"SW",0.357832984333196
"1262","SW00388",714633,14010000,"SW",0.0510087794432548
"1263","SW00389",8823128,15954057,"SW",0.553033501133912
"1264","SW00390",11437702,11764386,"SW",0.972231104963744
"1265","SW00391",18792011,24491324,"SW",0.767292572667774
"1266","SW00392",1086550,16780047,"SW",0.0647525003952611
"1267","SW00393",13712580,16706750,"SW",0.820780822122795
"1268","SW00395",5732748,19722653,"SW",0.29066819763041
"1269","SW00396",541993,15397347,"SW",0.0352004147207957
"1270","SW00397",9300528,9366336,"SW",0.992973986839678
"1271","SW00398",7600638,10961278,"SW",0.693408013189703
"1272","SW00399",2039900,12049656,"SW",0.169291139929638
"1273","SW00400",12095679,12976939,"SW",0.932090302651496
"1274","SW00401",19887050,21813442,"SW",0.911687848254301
"1275","SW00402",6816184,12333315,"SW",0.552664389095713
"1276","SW00403",14172126,14360666,"SW",0.986871082441441
"1277","SW00404",1638328,8539738,"SW",0.191847571904431
"1278","SW00405",8834819,12140191,"SW",0.727733113918883
"1279","SW00406",9047327,10442018,"SW",0.866434725548261
"1280","SW00407",10600271,12304215,"SW",0.861515423779575
"1281","SW00408",1249275,17038037,"SW",0.073322707304838
"1282","SW00409",9519443,10690610,"SW",0.89044900150693
"1283","SW00410",75011,136077,"SW",0.551239371826245
"1284","SW00411",12764310,13646519,"SW",0.935352817813832
"1285","SW00412",3013041,12886834,"SW",0.233807698617054
"1286","SW00413",11020933,15844180,"SW",0.695582415751399
"1287","SW00414",4295801,16473741,"SW",0.260766573906923
"1288","SW00415",19225965,20035832,"SW",0.959579068141518
"1289","SW00416",7214693,11398869,"SW",0.632930600395531
"1290","SW00417",2508333,10792576,"SW",0.232412817848121
"1291","SW00418",2921918,17131490,"SW",0.170558311040079
"1292","SW00419",1230839,9390088,"SW",0.131078537283144
"1293","SW00420",2283265,12181320,"SW",0.187439866943812
"1294","SW00421",9865744,12727257,"SW",0.775166557884389
"1295","SW00422",7287564,13296410,"SW",0.548085084620586
"1296","SW00423",7018628,10127674,"SW",0.693014802806646
"1297","SW00424",11650706,16358634,"SW",0.712205310052172
"1298","SW00425",6133018,12829700,"SW",0.478032845662798
"1299","SW00426",11659113,11910332,"SW",0.978907472940301
"1300","SW00427",17891878,20505760,"SW",0.872529377111602
"1301","SW00428",3134187,11613054,"SW",0.269884820995407
"1302","SW00429",12182116,12431014,"SW",0.979977659103272
"1303","SW00430",7569443,18593505,"SW",0.407101458278039
"1304","SW00431",1810687,13537336,"SW",0.13375504604451
"1305","SW00432",10079856,14621369,"SW",0.689392080864658
"1306","SW00433",13599844,14969854,"SW",0.908482073372259
"1307","SW00434",18083410,25576076,"SW",0.707043957798687
"1308","SW00435",7319590,10720585,"SW",0.682760315785006
"1309","SW00436",15143643,19272759,"SW",0.785753767792146
"1310","SW00438",12900043,14988666,"SW",0.860653176206608
"1311","SW00439",10858607,13061301,"SW",0.831357228502735
"1312","SW00440",4603224,11879728,"SW",0.387485639401845
"1313","SW00441",5725891,11942698,"SW",0.479447022774921
"1314","SW00442",8776989,8905592,"SW",0.985559298023085
"1315","SW00443",1158999,10206892,"SW",0.113550628340145
"1316","SW00444",5918235,12152108,"SW",0.487013035104691
"1317","SW00445",4660647,16137483,"SW",0.28880879378773
"1318","SW00446",8799938,12809254,"SW",0.686998477819239
"1319","SW00448",17003361,18078905,"SW",0.940508343840515
"1320","SW00449",1205755,4870988,"SW",0.247538076464159
"1321","SW00450",7815718,9218159,"SW",0.84786105338387
"1322","SW00452",11766198,11879873,"SW",0.990431295014686
"1323","SW00453",10087129,16948475,"SW",0.595164402696998
"1324","SW00454",962688,8276331,"SW",0.116318209119476
"1325","SW00455",3913194,8271827,"SW",0.473074932539087
"1326","SW00456",12045238,13815861,"SW",0.87184128444836
"1327","SW00458",7872725,10292707,"SW",0.764883815307285
"1328","SW00459",2581702,11322941,"SW",0.228006310374663
"1329","SW00460",12389675,15782655,"SW",0.785018426874312
"1330","SW00464",518913,11731866,"SW",0.0442310711697525
"1331","SW00465",8456174,11845062,"SW",0.713898669335796
"1332","SW00466",17259648,20818527,"SW",0.829052314796335
"1333","SW00467",5367690,10993086,"SW",0.488278723554059
"1334","SW00468",3063326,10585429,"SW",0.289390822044151
"1335","SW00470",4028574,15053740,"SW",0.267612832425696
"1336","SW00471",4150782,16628186,"SW",0.249623260168006
"1337","SW00472",10205785,10418412,"SW",0.979591227530645
"1338","SW00473",1563104,14192119,"SW",0.110138873553696
"1339","SW00476",870619,11572254,"SW",0.0752333123693967
"1340","SW00477",6653757,11524153,"SW",0.577374927250619
"1341","SW00478",11478587,17815638,"SW",0.644298396723148
"1342","SW00479",594203,11761020,"SW",0.0505230838821803
"1343","SW00480",7856953,12218664,"SW",0.643028812315323
"1344","SW00481",593049,12840209,"SW",0.0461868650268855
"1345","SW00482",6160651,13751036,"SW",0.448013589666989
"1346","SW00483",6193187,12051777,"SW",0.513881645835299
"1347","SW00484",2486815,10989723,"SW",0.226285503283386
"1348","SW00485",2870444,13097578,"SW",0.219158381801582
"1349","SW00486",11536380,12637569,"SW",0.912863858547479
"1350","SW00487",5111781,19149455,"SW",0.266941330706279
"1351","SW00488",1138332,8269163,"SW",0.137659881659123
"1352","SW00489",13488306,15569324,"SW",0.866338577063462
"1353","SW00490",5795261,10875447,"SW",0.532875660191255
"1354","SW00492",5770116,10188260,"SW",0.566349504233304
"1355","SW00493",3343799,9952942,"SW",0.335960864636808
"1356","SW00494",8874270,18495132,"SW",0.479816526856905
"1357","SW00495",12761824,19885764,"SW",0.641756786412632
"1358","SW00496",2383054,12197625,"SW",0.195370328240129
"1359","SW00497",1965644,11561902,"SW",0.170010435999198
"1360","SW00498",2909625,11266993,"SW",0.258243259758837
"1361","SW00499",14338843,15824960,"SW",0.90609031555214
"1362","SW00500",10912434,11814803,"SW",0.923623864062736
"1363","SW00501",8153463,12366020,"SW",0.659344154384353
"1364","SW00502",534866,12908476,"SW",0.0414352554089267
"1365","SW00503",4491920,4677001,"SW",0.960427419194479
"1366","SW00504",10505063,10759954,"SW",0.976311144081099
"1367","SW00505",3329753,12783865,"SW",0.260465281822047
"1368","SW00507",12669277,19160109,"SW",0.661231989859765
