"","sample_type_stool","treatment_stool","visit_stool","antibiotics_stool","age_stool","sex_stool","NSAIDS_use_stool","BMI_stool","interaction_stool","subject_stool","sample_type_swab","treatment_swab","visit_swab","antibiotics_swab","age_swab","sex_swab","NSAIDS_use_swab","BMI_swab","interaction_swab","subject_swab","sample_type_tissue","treatment_tissue","visit_tissue","antibiotics_tissue","age_tissue","sex_tissue","NSAIDS_use_tissue","BMI_tissue","interaction_tissue","subject_tissue"
"Methanobrevibacter",-1.7068916594253,-0.550452904605894,-1.37034280775609,0.743769432071278,0.344108238398585,-0.637889431765452,0.124531562685092,0.212365424889856,0.0361438373967916,2.85518413092864,-12.8789506213825,0.0434263422920986,0.0768030544471276,0.58887268903626,0.199828565595025,0.0562267011214289,0.438726515341041,-0.169218794444698,-0.283132279714686,12.3755216678702,-11.6269109064413,-0.0757690046924691,-0.533333492879251,0.733817206109541,0.971298928066241,0.221466631847988,-0.109757871172748,-0.123992292908795,-0.000766778113396654,52.0713004428165
"Mobiluncus",-33.3320152875774,0.0351432079140064,-0.336639872403612,-0.445151733723304,-0.426414939304776,0.092441134830593,0.149063079443861,-0.909230095120755,0.542830913225592,7.37385932809969,0.219536433802596,0.00562614006504869,-3.66444437290251e-15,-0.479523851992096,0.581407955843706,0.0502990258360636,0.0163346861462503,-0.287485485464459,0.744171351724517,8.95391187602437e-05,33.4197811031638,0.0336158952204257,-0.337529026727764,-0.441576086816087,-0.446245354854246,0.0346309443313333,0.210618209711938,-0.78898556619624,0.481349912511525,6.30179177127299
"Propionibacteriaceae_unclassified",1.1597719298435,0.679863104160476,-0.0837322587453067,0.534724729902999,-0.0302401965796351,-0.893058493687144,0.500781329769231,0.225775846813347,0.387400993331327,0.00026020847386198,4.73313489481512,0.812113071785588,0.0585691634682645,0.151326730255694,-0.00155112363888715,-0.672631168939699,-0.276187183593481,0.61181349276165,0.0565526088335994,0.539666565084811,2.75606794791448,0.445213496986303,-0.201840574242199,0.148767781280515,0.528863654593227,-1.40251364443973,0.00607914770561121,0.323720243924378,0.082081950940008,0.000227405452078
"Propionibacterium",0.232007729510685,0.135075424959215,0.449893314354788,0.486423015084658,0.142830647824303,-1.07723844727029,-0.62870001532429,-0.172153786652662,-0.250176944089682,1.56827618387312,4.79950630749221,0.400379608303401,0.573492142771128,0.0614470385123967,-0.0797581553114925,-0.0736364172551007,-1.47758933786774,-0.0152667368874622,-0.425748215292507,4.68504683722771,4.92168813727552,0.595363334286122,0.208929327294451,0.97197273004475,0.571184925096948,-2.51927752285139,-0.67871471125917,-0.170926524217313,-0.204680829857485,2.77083513966634
"Bifidobacterium",-63.8787289522417,0.0184610934332393,0.188371454209644,-0.721067440150042,-0.115953587141326,-0.0552019196113656,-0.0765145672885365,0.800868091358749,-0.0682156139109468,10.0315882656884,-88.1744298072763,0.00592991049964087,0.851688306178918,-0.781890238755379,-0.336676598843368,0.179122869446584,0.156832875955548,1.57396864424564,-0.180511244004577,12.5684868922868,-4.39890762603109,-0.00438489563029739,0.468667705207655,-0.618524587125687,-0.0984890258298928,0.585270148798365,-0.0417149178408611,1.42961462135895,-0.093698113552924,56.0791754074487
"Adlercreutzia",-24.023823704391,0.194404214501796,-0.8730582324272,-0.220427932154187,0.192145054648477,-1.79725414893738,0.0275225835086988,-0.614857643888535,0.122920260745021,5.19936356049625,-80.4042871932695,-0.942519799433638,-0.0497363601342646,-0.454799625266702,0.231492436944028,-0.479464103245281,-0.0531751182892633,0.0351244725933628,0.515282082660527,7.6785226100335,-36.0798041226137,-0.57741477197401,-0.592223820378939,-0.492609215693556,0.193585737417811,-1.1336944217093,-0.086259116527609,-0.158596649694743,0.689029361196148,24.4095517072811
"Collinsella",-111.485062383925,0.396106912176284,0.0221722652736218,-0.737385120223459,0.0607789039004542,-0.0362146241123756,-0.649170034227784,0.912781260434288,-0.960540363701935,13.4789834354578,-132.796096148157,0.312587834905676,-0.0126063663927659,-1.27897646828719,0.061337413842883,-0.414003660651044,-0.825920436071371,0.869845942962252,-0.434202892464813,17.5236404868822,-3.30676651664789,-0.0412685508033871,-0.197894583254616,-1.10159051973855,0.15485859404378,0.101734494509125,-0.887953951589477,1.02116124884097,-0.0714980637423269,103.149610022106
"Eggerthella",-65.9064848286487,1.17060214670257,-0.149423587340068,0.741245480247779,-0.602109588193246,-2.95702655959155,2.05539563776537,-0.763533601446024,-0.0666156491636953,4.77262723874834,-91.8650501797477,0.570689232028834,0.0440386048235201,1.71966885633773,-0.838079137739101,-1.6690381589913,1.22205027920824,-0.478256401994716,-0.137600693520646,12.4466767068534,-2.44261543128285,0.764503350814708,-0.277160388380138,1.59632872200766,-0.439065943008411,-2.79003946135924,1.45377693788053,-0.883581290065614,-0.0158051792871515,42.1052804010449
"Gordonibacter",-6.14492652400784,-0.311759857870573,-0.0723090286382057,0.666919774507534,0.00384692816957135,-0.554093301684037,1.69661338059638,-1.00913871537308,0.313391671690893,0.645676829023815,-36.0144558479238,-0.174938166779466,-0.127635167750478,0.384452648853886,0.110226970422345,-0.690720798567179,0.181322015690164,-0.19164115556915,-0.00453301271768221,6.83711502561685,-19.4677579401608,-0.55009647463329,-0.336428421984312,0.471664916487273,0.32935039022436,-0.513482126532261,0.158462385418739,-0.357248227451405,0.115704152707192,10.7404128824935
"Bacteroides",28.2119694603098,-0.497852782750616,0.0209569915783795,-0.375329325593142,0.0070619891711803,0.416242053483497,-0.260558234060296,0.472764623630648,0.273963775048576,13.745800216537,18.5330349285216,0.34627129098051,0.672506043046484,-0.0788613097280485,-0.792971194689868,0.0174328905066623,0.399753547077138,-2.07910443059008,-0.3891572381023,9.45701226157481,-0.896155818532794,0.07142774168306,0.49909490211309,-0.298000257357229,-0.207325291559485,0.0618867629657681,-0.029074966457682,-0.466706219185597,-0.376178190775666,24.2778249169617
"Bacteroidales_noname",-45.6602000745074,-1.24375281682118,-0.363980392830682,-0.896916981653535,1.22771628651189,0.105727821132016,-0.413663338613897,0.0927355687154761,0.0980440569921201,20.6888655630282,-59.8896123954417,-1.10532326797481,0.0515987195056024,-0.7774994122832,0.804873287446099,0.152125671278566,-0.373005363963287,-0.130887053376946,-0.0968690804557532,23.4408188635,-10.1028167025527,-1.28240284344266,0.0975619056509221,-0.595992929869487,1.04674955244602,0.474069498412228,-0.385905146542837,0.0568177707965247,0.0797614791893543,186.156926939768
"Barnesiella",-4.33059201353393,0.0586037266910561,0.333846745964041,0.491237387514311,0.575882575347989,0.293444984183135,-0.522725031998877,0.253947645490519,-0.303679984444863,45.5368701280433,-4.13422343828371,0.108743800535443,0.688499150143649,0.121727644963835,0.560057619335997,0.266285935057882,-0.428627398778104,0.00484325759121795,-0.619337530630622,48.4244795064771,-0.032693322853458,-0.27903010201451,0.361078395227668,-0.108459929993462,0.757844571175679,0.514770176471839,-0.952925697852728,0.137308253118986,0.108594110032043,177.502297246057
"Coprobacter",-14.7175540410848,0.641746480710738,-0.0209392714954194,-0.768848387020488,-0.587497850333582,0.131710675219838,0.755227334789446,-0.387145671985508,-0.0283048251200887,21.8947014369479,-17.8127013667785,-0.0337745870704292,-0.148273821838784,-0.447411634546395,-0.405710002984483,0.126400517205305,0.76372271234672,-0.300697871220665,0.121811061640128,22.4265794585023,-0.872913199856945,0.273894375543985,-0.598801023691765,-0.536168077147167,-0.277348404171708,0.195762461465114,0.479465897412719,-0.267521446496852,0.208888989398687,140.240276159786
"Odoribacter",-44.5059505051712,0.0402494974256374,0.122161940088698,-0.269790148953293,0.518936698799453,0.0413179383020912,-0.0858571380488874,0.0872017227209704,-0.0801096356554598,13.0949297939961,-65.3537793728349,-0.0363969380851749,0.447863207706483,-0.670247819187926,0.528855092687749,0.858726236236446,-0.172317859140486,-0.58811175882303,-0.693592924529282,12.5866625530654,-3.08901572207329,-0.158930573523112,-0.604509271453711,-0.206887150244772,1.04493066612883,0.307854953985865,-0.520265097944553,-0.290079064735141,0.164072388019527,46.3733661729608
"Parabacteroides",-21.3500172944944,0.885339629003308,-0.501525072549872,-0.298135610070189,0.223187563872713,0.149395069281404,-0.16274904313321,0.775362562326552,0.0287367534996762,18.9031673994636,-25.4064160994222,0.931828091760446,-0.246725024356532,-0.129874350674958,0.0482180092033177,0.163914640967047,-0.154199541233954,0.235595247628552,-0.0829597677989468,22.0097991170849,-0.361559166350942,0.473752966974682,-0.87826144438334,-0.0648464333860263,0.521358702098751,0.4606385993998,-0.403900439087122,0.0304267330890754,0.624594170032017,103.640382350282
"Porphyromonas",-54.9742180723673,0.380003564385089,0.0202086352357799,-0.568797615028005,0.435513912582452,0.775985732954399,-0.399303292400118,-0.185852900199023,-0.0290686013148442,17.1648813710873,0.33682102313583,0.949736919867405,-0.0187460055555205,-0.470318737114325,0.867871930825149,-0.206420894429674,0.0316043030287675,0.181590219332312,-0.630868493003862,13.8938420553373,71.8909451524427,1.04849804184004,0.115884997250767,-0.336479585763376,0.564198523048424,0.0564481142876044,-0.16885528090737,-0.120061127572151,0.0582050563646727,17.6716203242311
"Paraprevotella",-8.14681478070047,-0.119486874402044,-0.883834682881991,0.822314701785624,-0.181961919984544,1.70404683616001,-0.296134519314844,0.91540993019808,0.250635511469817,35.5280571370213,-13.7854432759205,0.0929205466569913,-0.533834520563577,0.771974694667408,-0.263764404624152,1.44060941578858,-0.0416541757030783,0.744347137721788,0.388588248225193,44.3033153106592,-3.10280927191822,-0.0544821212208567,-1.02255733871151,0.475094843174062,-0.0606779089459989,1.95045137599312,-0.258746108831815,0.81673373925758,0.508496673700406,182.900468468302
"Prevotella",-16.5573888807689,0.294935366056849,0.152161926121597,0.101229669747239,0.0126023548225569,0.929748165659298,-0.164477832424562,0.508981260236345,-0.110133385171053,21.8005146581064,7.47921392874089,0.220087076110389,-0.202227882341787,-0.0852570687804429,0.474110758407917,0.185267059492975,-0.0444554331182085,0.427264751009391,-0.0420238190486568,36.2441566578985,53.0977067890846,0.150333354014493,0.532432710351355,0.256816281715584,-0.393072196982427,0.813947604316591,0.152904129451719,0.396706716150953,-0.674810066062055,39.6212880329337
"Alistipes",0.481279386156402,0.0590701627579474,-0.379590175417184,-0.428546308647519,-0.173268249655275,-0.0876172806982005,-0.738737328425211,0.070974999367744,0.0369127693536506,14.6316731136334,-8.97095004499473,-0.0176820153200679,-0.0342186142229407,-0.946880235523593,-0.512460409762203,-0.119066621298371,-0.758018930210667,-0.511049424835051,-0.0157509815297938,13.3401555558837,-22.7512201639803,-0.237303961988785,-0.572674060437361,-0.152263165188918,0.289925348789669,0.787586190190553,-0.414251231628775,-0.480514670820444,0.249681499730544,74.744876828529
"Lactobacillus",0.000337108670996993,-0.407757890492998,1.55675838097173,-0.360501029712656,1.11322816568063,-0.630891134374955,-1.87936265635694,-0.462202711524591,0.0373481274506776,3.58638635355399,-0.367820233128527,-0.326696954156974,1.56754241951527,0.0255016423108405,2.10529712236997,0.0785779387441601,-0.840602801891422,-0.0226192313251103,0.412581654134447,5.37875966983417,-0.572188091269806,-0.0698439930281269,1.27704010199711,0.560598606326345,2.88036216520718,-0.974818328560876,-0.957860194441459,-0.0118764966219484,0.334832023526624,12.6591362996508
"Streptococcus",-114.385290834144,0.979001731556255,0.466857223920976,0.606664409122618,1.33152454884626,-1.09250256810532,-0.0842715680770933,0.322440452635316,0.100774342462861,4.87114770262895,-75.9407940420424,0.342862005897231,0.448434419078055,-0.00761867268396422,2.39254132556945,-1.26270897472345,0.387536583021727,1.28619233595992,-0.0458436639872591,8.86288405689337,11.8440090375816,0.284867136006143,0.229139943987759,0.224845483394275,2.67459058765003,-0.757863116704507,-0.243539651923933,0.876039759504781,0.0241631387519013,16.4614819879927
"Clostridiaceae_noname",-39.292881712212,0.125845182050609,-0.499617554128168,-1.09576647604219,-0.278173389400027,-0.635899704419343,0.132612166171709,-0.405163030534922,0.221150758992155,7.63106552853408,-33.0518528789049,0.0665551049932943,0.0222424798214782,-0.188545622251413,-0.0662322271455546,0.114011133323457,0.468375797229584,-0.677758052133077,0.243012087883077,10.0079520500475,2.56494970115414,0.071447570176253,-0.848605751425389,-0.51282916184381,-0.201857820731538,-0.269436408996896,0.146148496533744,-0.528721471261227,0.712858451559354,35.9020529117609
"Clostridium",-105.480576036604,0.185050759050283,0.147682338509607,0.0384670549018536,1.34540268732348,-3.25369803124376,0.357165835168082,0.51483512490275,0.0703199586618511,11.9371379803953,-109.197472310584,0.250466541430051,0.393765750791825,0.670089730677196,1.27698479936283,-2.48253201881416,0.131697542187794,0.566671393839416,-0.0418557672889526,13.3460767094305,1.58351133359617,0.957067005589928,-0.25099282900582,0.586620971290528,0.476629550959058,-2.43766993886812,0.540735938599463,0.293849536297303,-0.00115081647315538,28.4118479544465
"Clostridiales_noname",-80.3760685588522,0.0321280569793007,-0.473394730269634,-0.514726358779482,0.345035246501621,-5.80593195730339,0.567425911732546,0.10989614457441,0.724389132894148,3.71411773930825,-53.5842858121969,0.664127758661042,-0.23045973805066,0.326190447703901,0.0731163715125656,-2.3353484805506,0.251308098478634,0.0116595935003468,0.0238264785798376,8.29887446704577,9.64894283078239,0.436028295942516,-0.598598524559466,-0.0142457259081314,0.209905605080476,-5.90871956699359,0.377216304294859,-0.00693772220177373,0.300935238383157,18.7747456290386
"Flavonifractor",-110.139316904007,0.0329667975279986,-1.54820721586092,-0.903936477917759,-0.882669336857802,-3.14067258403475,1.52478380895366,0.849351951553898,0.642001711962568,6.99284674856403,-170.485794473704,0.123269772309963,-0.62065085921052,0.0410265654560046,-1.02394617587444,-0.93467227041935,1.25761615768002,0.921359604301351,0.199742731959722,14.8325772295852,-3.94016490807442,0.119385819442103,-2.23874670625877,-0.229834343522065,-1.14438256930193,-2.32994423650624,0.962531628746705,0.843407686363868,0.923812525389536,34.4956510243833
"Pseudoflavonifractor",-33.0064129036088,-1.08993360783583,-1.08901463077086,-0.035684541549162,0.319149793872766,-2.5170372149519,0.694967704404261,-2.79152226733483,0.678124204468421,4.83773867293015,-63.5032673380575,-1.09402802803797,-1.49748370207022,0.108614438247396,0.281577874722227,-0.0273337982724921,-0.0133556059455428,-1.8302919678452,0.327336310927336,9.42251868588698,-9.44409519312209,-1.56552662506497,-2.70617510378826,0.104675605047639,0.210239445055072,-0.902713568383992,0.359201586974732,-2.75324535016234,1.03891182195084,38.5819434850755
"Eubacterium",-6.21803037983803,-0.0463808900846951,-1.55229219255223,-0.638339756174409,-0.0328806669205479,0.594977552341493,-0.253025595668328,0.340930720746718,0.647143255309562,14.7221958664125,-4.53873027085919,-0.0905698876615076,-1.22247748355913,-0.611119253618948,-0.0892012420664877,0.474063177492123,-0.173896518064321,0.125001859582282,0.401275509646313,18.6958252315667,1.14387325582936,-0.754040762214355,-2.29941923279037,-0.274340677614308,0.492329754641597,0.987831915867231,-0.0906869837985079,0.032273969283991,1.93373679601799,46.3010784172778
"Anaerostipes",-18.0568810785785,0.108155828086,-0.0662778187925197,0.377409816076679,-2.23423133107744,-0.904634692113531,1.34182039850583,-0.109551466960061,0.226282679594948,5.28451373609892,-55.6050704245768,0.180317400884706,-0.17119069018888,-0.0439181908025179,-0.648767899223852,-0.682043986643427,0.739088819940393,-0.199498972587562,0.22558996291989,6.42894047666192,-20.2523405645679,0.0546749019810044,-0.384622955310816,0.0974944742771915,-1.15516953739712,-0.759166685778562,0.77415272860741,-0.160871628169239,0.536215616341761,20.5305588718499
"Blautia",-55.0945787733546,-0.0968684182857567,-0.26463932885411,0.293431229060353,0.365888594768312,-0.476320455357838,0.879353077299734,0.365180174590429,-0.0421236980157674,3.90254814864526,-62.2034754163079,-0.0816652710252885,-0.0731392251850522,0.57627464365696,0.287011897145993,-0.397920649662256,0.571927456827612,0.225098296934472,-0.322970604645825,2.74052837142403,-0.224448781129624,-0.0829880566304678,-0.799465539648383,-0.582913264993963,0.654523476690013,0.0851247328179952,1.31795861516392,1.10243496549403,0.493507037948276,5.39557244770463
"Coprococcus",-98.1550003689507,-0.265513131430172,-0.780619237709865,-0.838443471566348,0.10946660026185,0.388170680194548,0.0825864631754978,0.50709921528473,0.403271185663431,16.5582907744956,-113.757616347642,-0.12996361967414,-0.095661982134424,-0.784645852133584,0.357659060248136,0.304595397133296,0.263107730110259,0.840059684243689,0.194541991764647,17.4815813681214,-0.286986848959935,-0.0626983588405701,-0.333385522958861,-0.967499630866977,0.214767551405556,1.03129984295699,0.155543932201889,0.367951574484844,0.229771224247281,104.821118068096
"Dorea",-126.003751484764,0.178563239090644,0.126192217673339,-2.02719063489902,-0.00833747577408464,-0.0416589753822109,-0.0435350193083161,1.08187619040877,-0.199271902597664,7.64031755520717,-158.347567402598,-0.240845560100829,0.0499616646040294,-1.25925481467884,0.161510133291555,0.546626663954705,0.148139367759548,0.794818114562303,-0.01065597562038,8.86851656430111,-1.67941396257234,-0.59444725894583,-0.325004789727241,-2.06200711330143,0.414319899049107,0.54744800209438,-0.118065790313828,0.800176154218643,0.488933895837937,48.7875218781879
"Lachnospiraceae_noname",-118.440921765457,0.138638273268025,-0.000127181944234277,-0.371122998576866,1.14707037655899,-1.09982628149983,-0.357557143681144,0.357888027877153,-0.446280999216335,2.68861799758299,-133.484407481126,0.130890853169123,0.153170830398913,0.127413006054183,0.756969865435729,-1.56926568404231,-0.6882362664713,0.375379255978975,-0.644824238169173,2.47497577776433,-0.0523657114719223,-0.677894620650298,-0.838190074863112,-0.596144879431795,0.856223996622172,-0.372796531134665,0.468772575535325,0.122178452401252,0.325183694149337,4.82839765468525
"Roseburia",-23.8240863223752,0.61428040968896,-0.601792094359928,-1.41206904558468,0.248119072622962,0.125841384265815,-0.4828709400789,1.46100306596984,-0.0254240533335495,13.7948026069812,-34.0529373919586,0.195291169886463,-0.427977079031863,-1.89814569250395,0.200882626180643,-0.143015943302471,-0.438883011651618,1.54313149781,-0.0300860814134406,8.59292008438356,-7.1906669337579,-0.0696815311420044,-0.0658864043719937,-1.61324301596584,0.0797853808824756,2.12727871889666,-0.335254730472254,0.191053955820555,0.339449980871151,34.1339684166447
"Oscillibacter",-57.1501841560337,0.612594586587903,-0.694751825832324,-0.042225188132163,0.283473307469922,-2.26088689386087,0.20927713478563,1.57198773799113,0.0284291862250211,8.17390468100969,-55.0013494560791,0.74524436530002,-0.652462155043343,0.131110549958956,0.0637395542269573,-1.88660765159343,0.164690798584671,0.548429481120259,-0.133488873666587,5.98563884306515,0.911919777221828,-0.129348462789591,-0.649656945067807,0.600482811103996,-0.0469708408582306,-1.92087297659662,0.289258764668537,0.570822940825018,0.737783567054003,13.1607064286038
"Peptostreptococcaceae_noname",-8.03604597982296,1.2646593387491,0.273810129978803,-0.860398151635202,0.426007693864423,-0.0228011031090471,-0.379474880563749,1.7138381064406,-0.978739194287038,1.98334719624949,-21.9059047269007,0.503577761781917,1.30752290264046,-1.60896616433051,1.98327875141221,0.105327105809767,-1.17789967783605,1.24728669690062,-0.460468058292163,3.43713275729267,-5.90734678174697,1.19874565037233,1.55768476412638,-1.65969487514192,1.18618064486219,0.299223445637775,-0.830615275110194,1.98706933878895,-1.04415438766246,7.79514327348081
"Anaerotruncus",-68.7857339620207,-0.292908344320997,-1.02944292669662,-0.123563543809005,-1.1041979404949,-3.28563267044659,2.90828050408283,-0.55316706987385,0.166139034151043,4.20311131433343,-70.2123989046391,-0.204474480721535,-1.62106648839149,0.803535001519876,-0.73060928006194,-2.05736007020424,0.879934864156154,-0.894028421946895,0.0383207709056822,4.91690782026817,0.285434767563958,-0.356402445660969,-2.94827744685211,0.848274102876479,-0.554244098920059,-4.44120999283213,2.36328073100744,-0.845360936873273,0.397109967734145,14.1751675016327
"Faecalibacterium",3.33890885837456,-0.0173486529097475,0.783817868861773,-0.124602342590148,-0.245115976970973,0.804825746100705,-0.660608647713592,0.0759748488018099,0.0212559082608347,40.8567124508418,7.94870448775281,-0.0699279692783619,2.45856130025619,-0.156470309296366,-0.123237763889026,0.818265921120183,-0.384517341000399,-0.0288384885259295,-0.168383523057225,40.3877789189375,1.83691552381313,-0.325541797032591,1.33156255619689,-0.436148716921247,-0.154178936439409,1.40193642323289,-0.525169718492995,0.0611977206712811,-0.173297789875372,115.322897501577
"Ruminococcaceae_noname",-47.9067558438891,-0.444224052970178,-0.951392804890005,1.16525691447279,-0.0927321538284283,-1.06099890610187,0.445245285727418,-1.17133947125323,0.796352100459411,12.2322815965638,-62.0100807578415,-0.942380242438349,-0.17283083919258,1.22022559054772,0.00640351344445189,-0.220671293982051,0.707663168491434,-0.594149157497686,0.503335660390246,15.4853840212994,-3.15092453644863,-1.07752854268993,-2.11897687935874,1.3849711461394,-0.0138746114147265,-0.472510979344709,0.374326920443689,-0.968020462846985,2.0077343333938,109.755887570146
"Ruminococcus",-38.8123811150834,-0.184393596450794,-1.56154495025811,-0.748885204173199,0.133194586674163,-0.330708101855337,-0.793734285012923,1.31289410020134,0.6444917441351,18.2534074707015,-46.1535423414847,-0.170124798132805,-0.884897701739451,-1.16844004163539,0.218782098167771,-0.244460039712402,-0.280479410540689,1.21750634338572,0.40415065150622,16.9978698215955,-1.36453036682877,-0.327451093051301,-0.719083026069809,-1.94731085155585,0.306097197652327,0.444843992327609,-0.746093100594674,0.433734978070816,1.02570467780185,71.0798798003575
"Subdoligranulum",28.5699179430713,-1.21518123836382,-1.38699865687498,-0.445469860516178,0.641731615055382,-1.08718777045098,-0.0691169291483027,0.0519845262311695,0.308932011561287,18.6309828598971,28.8866404017498,-0.958389879840997,-0.25882123074623,0.178598039588301,0.443942331585889,-0.301553935764797,0.00264776028867318,-0.230762918130945,-0.0283366323413521,18.5275055495143,-0.111210869604729,-1.54117708653361,-1.04489068059078,-0.0417942314341254,0.992483597344355,-0.928348373353216,-0.109325678440969,-0.0467437620555985,0.293903890315119,50.1126982754985
"Coprobacillus",-21.1511722904062,-0.268492532470536,-0.26871885910677,0.242252603486002,0.288678241364911,-2.63559378531253,1.15609322694005,-0.0102160758573296,0.483987125948544,7.74194029043962,-15.290086385466,-0.133348428992159,-0.0552370228508074,0.689772449062485,-0.659288901131708,-1.88242801799533,0.903497237252684,-0.548785103031801,0.115068433484046,11.8663883515939,3.2193790597246,-0.673318947925902,-0.5209854932477,0.614804170174559,0.33325236192526,-2.85429121758472,0.654686245152054,-0.233656138407471,0.822130154000355,28.1409869562988
"Erysipelotrichaceae_noname",-64.2487953963737,0.094414872660149,-0.233036631369141,-0.0936563357186204,-0.222714063087655,-0.965839120572124,0.390678540168661,0.406330283220022,0.0565473579815932,7.54672192420648,-66.5758626332297,0.0604450363341744,-0.52978599788844,-0.227755477665266,0.210159281548534,-0.228946457760922,0.148215777208318,0.564110202129628,-0.00491195063931883,12.8475639350486,0.915119211483381,-0.0136508119047812,-1.03244826468505,-0.300892743458279,0.41357242878099,-0.840634770067922,0.47650023270513,0.284545817519961,0.634734887489417,35.6992431097312
"Holdemania",-66.3030637277223,-0.102135795036385,-0.479386052631783,-0.648575572591208,0.0776048009504638,-2.22164690962038,0.364800796962139,-0.276605219591736,0.437147825532246,2.4187348813448,-133.679958970456,-0.663805014489111,-0.167952544423669,-0.806234612721016,-0.526871868856847,-0.052791867988962,0.189878393651166,-1.11713469366516,0.572382551924321,7.69365144069102,-14.7035173281173,-0.530282274977289,-0.958468015325307,-1.00262409968488,-0.0781241506478044,-0.532620145902219,0.0173372298292973,-0.745958521903086,0.971396915228081,22.6575574555948
"Acidaminococcaceae_unclassified",0.705549292719956,0.59352589030235,0.114877078533683,1.2195597759558,-0.0131519818543635,0.710115928889829,-0.774309324782488,-0.0336623907737638,0.0488002139148098,0.958776936539663,1.43992159270456,0.0221127120392194,-0.0896498636634801,0.907673508249212,-0.0222454309048293,0.43779738993637,-1.31477637780415,0.104667789584463,0.636497942017401,1.23443372353525,0.43990598728379,0.144341100084408,-0.177470109868993,0.239431516280226,-0.136676502510843,0.279436289285882,-0.224729090948966,0.274788468762271,0.531739470436697,8.62249621845382
"Acidaminococcus",-2.41873797144766,1.43981329007429,-0.202766492914222,-1.09821335750624,0.168516043538836,0.937500307013287,0.00617814459163477,1.85423953485599,0.0506878808034132,41.2208924753946,-2.42312413018879,0.895790466001745,-0.213288287563409,-0.956508532560806,0.0657173109325457,0.727693278381387,-0.154320175702787,1.47977744079453,0.133438072304103,40.8504616424525,-0.241559503137441,1.07387973439238,0.452573881621913,-0.560466161146267,0.344025885386476,0.823369856232112,0.0977691263791368,1.87051302751513,0.292882095266639,150.093895725997
"Dialister",-1.25617399900105,0.919721218922554,0.754125005591697,-0.555477123961181,-1.6452958248847,0.728669393759955,-0.334466314531673,0.532182586435466,-0.511665877550511,26.0479801126106,-0.579140197147871,0.37715655523756,0.929684874820519,-0.419392946195254,-1.16580254544133,0.142689085176409,-0.179547279840569,1.43734352208239,-0.662209852104382,35.8263212277931,0.455967770756758,0.488793788034029,2.06639678463198,-0.294052632751018,-0.194520083469518,0.308884383799543,-0.240358439428535,0.767172010296963,-0.866819955598415,97.6319094870795
"Veillonella",-31.4790996808687,1.6968422762341,-0.102127908265197,0.146576608130495,1.27076151364561,1.04291088727633,0.261919973635808,-0.494343869288041,0.0886718858057952,6.77878109593397,-82.0589264310661,-0.0279088377948741,-0.162664395399128,-0.0859535638288874,1.15122693879687,0.644733459691611,0.624470222738614,0.245046603053299,0.968163276781501,7.51521146098047,-18.0866897799236,1.02223675234094,0.118274683552871,0.145222183047504,1.97484636653025,1.22164609395765,0.0327019520288028,-0.0140166791198618,0.169144288447038,27.4796733012847
"Burkholderiales_noname",-43.960019714142,0.754125256357488,-0.0484392251060656,-1.12813197401747,-0.477395519623638,0.858510213949732,0.64075575371654,-0.382136169661215,-0.0460579437436857,18.2136326709896,-48.7598988275373,0.578355264351379,-0.00660858356642913,-1.16176124439452,-1.53954204145753,1.26102771006451,0.850241360057519,-0.0807847703111437,-0.265759429187163,17.1743845604138,-0.36857002752969,0.893348202711472,0.249078273268525,-1.02566427493827,-0.908190617967923,1.66381693426684,0.818834835055387,-0.069125637713117,-0.222109359615751,117.267537239817
"Parasutterella",-41.7744614446245,0.365088858812535,-0.180470731187491,-1.04888673960036,-0.050140166447899,0.111529163325135,0.148330363936854,-0.710818758966793,0.0286618379137169,20.9344584557879,-46.315014270049,0.395525273259126,0.472944513603954,-1.48390487212581,-0.47509374785079,0.178536901203451,0.450332010624931,-1.06139297776334,-0.626619708668414,20.7377662928577,-0.0887224298715765,0.753173402127222,0.422878565310298,-1.27429521856881,-0.304384865702218,0.625539715729364,0.356254743729014,-0.529402824793147,-0.591494485315362,103.01321280384
"Sutterella",-15.1783861614828,0.289814948889697,-0.18442650999423,0.241124193055217,-0.112016649640384,-0.0295161706148821,-0.378822912770627,0.308931329993391,-0.178196590272738,36.61665122861,-9.92285827080706,0.136003020832783,-0.335102361261096,0.691465359934896,-0.128210936185369,0.561279149498978,-0.177659581100164,-0.212586290196023,0.0139821147631564,34.4338949901492,4.24390338556019,0.189458714513728,0.181574433554105,0.523382216911821,-0.260049292297973,0.423629447182028,-0.295962620204709,0.0867243761261439,0.0417002609789821,143.328297209856
"Sutterellaceae_unclassified",-16.9170058839059,0.7133581180511,0.401944403377144,-1.06383104871404,0.0111590027636392,-0.849002024219081,0.040679582272486,0.701673261824688,-0.805247611595827,18.6325800270949,-13.3942246158633,0.388186195170647,0.904289004047902,-0.953623684087779,0.0921282396324832,-0.981752214961668,0.374148926662894,0.787587641618546,-0.82369886994121,19.3332890451667,1.72459723639768,0.324513338429767,0.342211858026547,-1.20170902391219,0.132702529900702,-1.05160019316571,0.245004603848336,0.537156882545287,-0.641645079227254,94.4241355723355
"Bilophila",-93.4311564596769,0.108521919499124,-0.174832389278802,-2.54648243497712,-0.00520336832930067,0.124986267611614,0.1434807986539,1.39036669251639,-0.0650531430755073,15.4152393046566,-85.9600053809554,0.265125154215061,-0.236533630950357,-1.99556125108411,-0.11343802685078,-0.0550653191357395,0.347858598850602,0.697297937622343,-0.11259077649802,16.5075672334204,3.70548063510623,-0.0544754335281577,-0.0359531667862819,-2.47351950146504,0.0721123494695329,0.411882349862986,0.0542665047366166,0.430938770844204,0.790747029336821,112.130888582253
"Desulfovibrio",-33.4263039419871,-0.426967902068919,-0.69420072294839,-0.8986150890535,1.97461029927219,-0.476424403411299,-0.178965901561866,-0.628940811263833,0.463993489089318,10.8064685148736,-53.4484832735148,-0.208720194883408,-0.0987402744102494,-1.31160041528415,2.24932449139982,0.0945480167454542,0.593245531585601,-0.19041608167133,-0.000916570973690569,14.76802393617,-7.76843410808885,-0.649939865629874,-0.682633962416997,-1.30497413089638,2.25746655732697,-0.10599265565484,0.0320784886597763,-0.281741515018011,0.5495951426663,83.1788556655427
"Campylobacter",-45.7540049871127,0.149289414021917,-0.112651247044411,-0.193772995418906,-0.169701851874992,-0.240375439887228,0.110797562720224,-0.0300205167762944,0.0800258321541973,5.49939384574698,-4.69972094214372,-0.431534695952745,0.961822081993745,0.19133451157441,-0.232467468209556,-0.238318135318901,0.250751626447174,0.396394009029623,-0.668421451707514,12.6488019685428,37.1278049466606,0.0102378183328692,0.107397668416657,-0.0526887558846648,-0.188766949534461,-0.262849854697679,0.159898389248283,0.0725222400854206,-0.0879687423746164,12.8534131214504
"Escherichia",3.44624732334812,0.420539179564397,-0.620505342508882,-0.00884325621728449,0.482259912394054,1.22692439454303,0.202916650894022,0.490379462157561,0.0857434712827018,12.879873611822,27.2738709449517,0.502555091260081,-0.780067810151118,0.227519201850627,0.653608532640414,1.09901815681161,0.488167078575268,0.260291702419022,-0.0937271056573358,8.12166655121042,22.5662291534508,0.480256103929528,0.095659826204664,1.07058606648217,0.571814420200403,1.89664902154166,1.04304861346754,0.751672090744032,0.0286855493126246,31.9116528134268
"Klebsiella",-0.722107293915673,1.11958115437316,0.546968471239705,-0.947839650944994,0.229637413093886,0.692778108750326,-0.249998057352803,0.365005884314761,0.324673415992157,12.9942144196695,-2.82714278354483,1.26274982255412,0.714249245587174,-1.13333682539864,0.850807052712805,0.943158378226664,0.316788472753937,1.2349126271409,0.0809592020614932,5.76696722221509,-1.92294797058723,1.76999120226642,0.530634165678383,-0.690080519228679,1.77676448864261,1.42432526583259,0.211775778366252,1.22733071894304,0.294846549429034,21.9389166010499
"Haemophilus",-13.5539625371419,0.547644804643244,1.69667962458799,0.17650909750371,0.176999827882575,0.761089671130341,0.212457368196679,-0.341301461850305,-0.056150196403997,1.05647447104216,-33.3953181131743,0.17773529524664,1.74170388071921,0.896120090171706,0.71495404027151,0.930580159540564,0.0283158420005319,-0.0886430142029114,0.0410329388698931,3.36072992794745,-7.27771782751587,0.549872351527425,3.11763126771855,0.125456711723548,0.547657846651318,1.45744495894837,-0.0645961240290926,-0.0314763954771384,-0.397594240862029,16.7133379188547
"Akkermansia",37.1559911093583,-0.136584301694589,-0.621373351773511,-0.464423796391434,0.184394777601039,-0.462089767487561,-0.685013125397515,1.14257924791767,0.0493923783756646,22.9730924377102,17.10483200308,-0.626226828114236,-0.90418443537003,-0.185557905584109,0.0536967375132821,-0.859874895969811,-1.19611344964063,1.61579785184796,0.37439726908364,23.1765327318175,-3.59462184147222,-0.17858905033932,-2.63715923297639,-0.215134459176612,0.0269738074780643,-0.691925220106734,-0.866344852061541,0.769174859512204,0.780383160956368,66.6786576865221
"C2likevirus",2.14690666569187,-0.110152011654847,-1.34753052219843,-0.515324236906165,0.142650517798237,0.0703059875118975,0.605257182418468,1.37881788273053,1.67867874418716,3.67535170066223,-0.463359608153498,-0.394213171958614,-2.58286794350649,-0.576065029092346,-0.154695736076234,0.284858688758527,0.656196362954654,1.9174885161566,3.07253228277065,2.65157774068785,-5.19782104410315,0.105743903646908,-0.00837930811177943,-1.85530368125785,0.203303105602748,-0.536771041727014,0.676261043554147,1.53240574302055,0.0953013610675045,13.436340633509
